Stadt – Max Webers Ortsbestimmung	176.88031005859375	38.39837646484375	9.0	136.03860473632812	0.0
5	423.60000610300006				
Stadt	70.86000061035156	61.21160888671875	18.0	41.25959777832031	2.0
Max Webers Ortsbestimmung	70.86000061035156	87.551025390625	12.0	153.6971893310547	3.0
Friedhelm Kröll (Nürnberg/ Wien)	70.86000061035156	112.9310302734375	12.0	173.91842651367188	4.0
Der Beitrag befasst sich mit Max Webers Ortsbestimmung der Stadt im Kontext seiner Rekons-	70.86000061035156	170.61050415039062	9.0	352.12950134277344	5.0
truktion der Sonderentwicklung der okzidentalen Kultur. Für Weber ist mit der okzidentalen	70.86000061035156	180.57080078125	9.0	343.0313873291016	5.0
Stadt des Mittelalters ein zentraler Faktor für die spezifische Ausprägung der westlichen Mo-	70.86000061035156	190.59051513671875	9.0	346.0518035888672	5.0
derne bezeichnet. Weber thematisiert die mittelalterliche Städte-Emanzipation als Vorspiel zum	70.86000061035156	200.6102294921875	9.0	354.5550994873047	5.0
neuzeitlichen Markt- und Erwerbsbürgertum, urbanen Individualismus, modernen Nationalstaat	70.86000061035156	210.57052612304688	9.0	348.0606231689453	5.0
und demokratischen Legitimationsprinzip politischer Herrschaft.	70.86000061035156	220.5902404785156	9.0	237.8349151611328	5.0
1. Einleitung	70.86000061035156	262.83084106445307	10.0	58.68499755859375	6.0
Längst ist Stadtsoziologie als Spezielle Soziologie eingerichtet. Webers kulturwissen-	70.86000061035156	284.1491394042969	10.0	357.1790313720703	7.0
schaftliche Befassung mit dem sozialen Gebilde Stadt datiert in eine Zeit, da die So-	70.86000061035156	297.109130859375	10.0	357.30592346191406	7.0
ziologie noch nicht als einzelwissenschaftliche Fachdisziplin mitsamt interner Dif-	70.86000061035156	310.1291198730469	10.0	357.3080596923828	7.0
ferenzierung nach Allgemeiner und Speziellen Soziologien etabliert war. In Webers	70.86000061035156	323.14910888671875	10.0	357.16102600097656	7.0
typologischer Soziologie der Stadt hat sich dementsprechend der spezifische For-	70.86000061035156	336.1091003417969	10.0	357.31007385253906	7.0
schungsaspekt noch nicht gegen die allgemeine gesellschaftstheoretische Perspektive	70.86000061035156	349.12908935546875	10.0	357.22508239746094	7.0
verselbständigt, d.h. Stadtsoziologie ist fest eingewoben in das Unternehmen einer	70.86000061035156	362.1490783691406	10.0	357.24610900878906	7.0
Theorie der okzidentalen Kultur. Im Übrigen hat die akademische Institutionalisierung	70.86000061035156	375.1090698242188	10.0	357.31602478027344	7.0
der Soziologie in Deutschland nach dem ersten Weltkrieg in einer Stadt ihren Anfang	70.86000061035156	388.1290588378906	10.0	357.2259979248047	7.0
genommen, die in Webers Thesenführung zur Ortsbestimmung der okzidentalen Städ-	70.86000061035156	401.1490478515625	10.0	357.2940216064453	7.0
te-Emanzipation als wesentliches Beispiel erscheint: Köln.	70.86000061035156	414.1090393066406	10.0	245.8750457763672	7.0
Im Folgenden sollen der Stellenwert der Stadtsoziologie im Gesamtwerk Max We-	85.02000427246094	427.1290283203125	10.0	343.01499938964844	7.0
bers, dessen wegweisende begriffliche Konzeptualisierung von Stadt sowie die kardi-	70.86000061035156	440.1490478515625	10.0	357.31398010253906	7.0
nale Rolle der mittelalterlichen Stadtautonomie für die moderne okzidentale Kultur	70.86000061035156	453.1090698242188	10.0	357.3150177001953	7.0
und deren politisches Selbstverständnis pointiert erinnert werden.	70.86000061035156	466.1290588378906	10.0	278.6920928955078	7.0
2. Von der Stadt- zur Staatssoziologie	70.86000061035156	496.7707824707031	10.0	170.10301208496094	8.0
„Lebensführung“, „Tausch“, „Herrschaft“: Mit dieser Begriffstriole ist das Leitmotiv	70.86000061035156	518.0890502929689	10.0	357.2959747314453	9.0
der kulturwissenschaftlichen Forschung Webers benannt. Ihr sind die drei großen For-	70.86000061035156	531.049072265625	10.0	357.2229766845703	9.0
schungsgebiete Religions-, Wirtschafts- und Politische Soziologie gewidmet. Beinahe	70.86000061035156	544.069091796875	10.000007629394533	357.2670135498047	9.0
genügt schon ein kursorischer Blick über Webers Œuvre, um gewahr zu werden, dass	70.86000061035156	557.089111328125	10.0	357.2250213623047	9.0
die Thematik „Stadt“ darin einen prominenten Platz einnimmt. Deren kulturwissen-	70.86000061035156	570.049072265625	10.0	357.2931671142578	9.0
schaftliche Behandlung verbindet sich mit Webers universalhistorischer Problemstel-	70.86000061035156	583.069091796875	10.0	357.23902893066406	9.0
lung: Welchen Konstellationen und Lebensmächten ist es zu verdanken, dass sich	70.86000061035156	596.089111328125	10.0	357.2310028076172	9.0
gerade und nur im Okzident der Kapitalismus, die „schicksalsvollste Macht unseres	70.86000061035156	609.049072265625	10.0	357.3298797607422	9.0
SWS-Rundschau (42.Jg.) Heft 1/ 2002: 5 –18	269.10000610351557	634.7984008789062	9.0	158.90762329101562	10.0
6	53.9199981				
Friedhelm Kröll	205.0002899169922	38.39837646484375	9.0	54.93058776855469	12.0
Lebens“ (Weber 1988c/ 1920, 4) herausgebildet hat. Kapitalismus ist für Weber „iden-	53.86000061035156	63.16925048828125	10.0	357.20497131347656	13.0
tisch mit dem Streben nach Gewinn, im kontinuierlichen, rationalen kapitalistischen	53.86000061035156	76.18927001953125	10.0	357.2799530029297	13.0
Betrieb: nach immer erneutem Gewinn: nach Rentabilität“ (ebd.). Die Geburtsstätte	53.86000061035156	89.20928955078125	10.0	357.25498962402344	13.0
dieser schicksalsvollsten, weil unentrinnbaren Macht weiß Weber kultur- und wirt-	53.86000061035156	102.1693115234375	10.0	357.1880340576172	13.0
schaftsgeographisch bündig anzugeben: „In den binnenländischen Gewerbestädten,	53.86000061035156	115.1893310546875	10.0	357.3209381103516	13.0
nicht den Seehandelsstädten des Okzidents, wurde der Kapitalismus geboren“ (Weber	53.86000061035156	128.2093505859375	10.0208740234375	357.17698669433594	13.0
1958/ 1923, 302). Mittlerweile ist das Kind längst erwachsen, geben Börsen- und Dienst-	53.86000061035156	141.16937255859375	10.0	357.2820587158203	13.0
leistungsstädte den Ton an.	53.86000061035156	154.18939208984375	10.0	113.87800598144531	13.0
Es lohnt noch immer, mit Weber den Blick zurückzulenken auf die Ouvertüre markt-	68.01999664306639	167.20941162109375	9.999969482421877	343.12395477294916	13.0
förmiger Vergesellschaftung, und zwar im sozialen Raum der gar nicht so finsteren	53.8599967956543	180.16937255859372	10.0	357.3200569152832	13.0
mittelalterlichen Gewerbestädte des Okzidents. Denn nicht nur zehrt bis dato die ur-	53.86000061035156	193.1893615722656	10.0	357.31300354003906	13.0
bane Zivilisation des Westens, unabhängig davon, ob man sie als Moderne oder Post-	53.86000061035156	206.2093505859375	10.0	357.19309997558594	13.0
moderne etikettiert, von der durchgreifenden mittelalterlichen Städte-Revolution, die	53.86000061035156	219.1693420410156	10.0	357.34202575683594	13.0
ein neues umfassendes Kapitel arbeitsethischer Lebensführung, geldvermittelter Tausch-	53.86000061035156	232.1893310546875	10.0	357.1910552978516	13.0
und vertragsrechtlicher Herrschaftsbeziehungen einläutet. Darüber hinaus ertönen in	53.86000061035156	245.20932006835938	10.0	357.3080291748047	13.0
jener epochalen Umbruchsperiode, der Max Weber seinen Grundriss der Stadtsozio-	53.86000061035156	258.1693115234375	10.0	357.21800231933594	13.0
logie widmet, all jene kulturemanzipatorischen Signale (wie etwa „Stadtluft macht	53.86000061035156	271.18930053710943	10.0	357.32691955566406	13.0
frei“), die längst zum impliziten Selbstverständnis dessen kanonisiert sind, was heute	53.86000061035156	284.20928955078125	10.0	357.31004333496094	13.0
unter zivilgesellschaftlich-westlicher Wertegemeinschaft firmiert und entsprechend	53.86000061035156	297.1692810058594	10.0	357.3090057373047	13.0
im globalen Maßstab Politik und Ökonomie legitimiert.	53.86000061035156	310.18927001953125	10.0	233.1800079345703	13.0
Die Thematik „Stadt“ durchzieht Webers Werk wie ein roter Faden: angefangen	68.02000427246094	323.2092590332031	10.0	343.08299255371094	13.0
von dessen akademischen Zertifizierungsschriften „Zur Geschichte der Handelsgesell-	53.86000442504883	336.16925048828125	10.0	357.3178520202637	13.0
schaften im Mittelalter“ von 1889 sowie „Die römische Agrargeschichte in ihrer Be-	53.86000442504883	349.1892395019531	10.0	357.30903244018555	13.0
deutung für das Staats- und Privatrecht“ von 1891, über den immer noch zu wenig	53.86000442504883	362.14923095703125	10.0	357.2299613952637	13.0
rezipierten Aufsatz „Die Börse“ von 1894, bis hin zum Corpus der Schriften zur ver-	53.86000442504883	375.1692199707031	10.0	357.31998825073237	13.0
gleichenden Soziologie der Wirtschaftsethik der Weltreligionen, vereint als „Gesam-	53.86000442504883	388.189208984375	10.0	357.2149772644043	13.0
melte Aufsätze zur Religionssoziologie“. Die berühmte „Protestantismus“-Studie (We-	53.86000442504883	401.1492004394531	10.0	357.17399215698237	13.0
ber 1988b/ 1920) hat so selbstverständlich die entwickelte okzidentale Gewerbestadt	53.86000442504883	414.169189453125	10.0	357.2400016784668	13.0
zur Analyseprämisse, dass sich Weber, der noch von einem reichen historischen Bil-	53.86000442504883	427.189208984375	10.0	357.2289848327637	13.0
dungsfonds unter Sozialwissenschaftern ausgehen durfte, erst gar nicht damit auf-	53.86000442504883	440.1492004394531	10.0	357.2658805847168	13.0
hält.	53.86000442504883	453.169189453125	10.0	18.755992889404297	13.0
Darüber hinaus eröffnet er alle seine Untersuchungen zur Wirtschafts- und Sozi-	68.02000427246094	466.189208984375	10.0	343.1499481201172	13.0
alethik der Weltreligionen mit kulturtypologischen Betrachtungen zum Charakter	53.86000442504883	479.14923095703125	10.0	357.2549858093262	13.0
städtischer Vergemeinschaftung. Klassisch geradezu Webers Auftakt zur Studie über	53.86000442504883	492.1692199707031	10.0	357.1980094909668	13.0
„Konfuzianismus und Taoismus“: „China war, in scharfem Gegensatz zu Japan, schon	53.86000061035156	505.189208984375	10.0	357.2579803466797	13.0
seit einer für uns vorhistorischen Zeit ein Land der großen ummauerten Städte“ (We-	53.86000061035156	518.1492309570311	10.0	357.1470489501953	13.0
ber 1988c/ 1920, 276). Dieser Auftakt birgt gleichsam den Leitgedanken, unter dem	53.86000061035156	531.1305541992189	10.0386962890625	357.1890106201172	13.0
Weber später die Eigenart und historische Gunst der Rezeption des kapitalistischen	53.86000061035156	544.1892700195311	10.000007629394533	357.28001403808594	13.0
Geistes in Japan ausfaltet. Dies nur am Rande zur Veranschaulichung des zentralen	53.86000061035156	557.1492309570311	10.0	357.1939849853516	13.0
Stellenwerts, den Weber der Frage nach den Entstehungsbedingungen und Entwick-	53.86000061035156	570.1692504882812	10.0	357.28797912597656	13.0
lungschancen von Urbanität beimisst.	53.86000061035156	583.1892700195312	10.0	160.0449981689453	13.0
Systematische Behandlung hat die Stadt-Thematik in dem voluminösen Werk	68.02000427246094	596.1492309570312	10.0	343.0110626220703	13.0
„Wirtschaft und Gesellschaft“ erfahren, dessen beigefügter Untertitel „Grundriss der	53.86000442504883	609.1692504882812	10.000003814697266	357.30009078979487	13.0
SWS-Rundschau (42.Jg.) Heft 1/ 2002: 5 –18	53.86000061035156	634.7984008789062	9.0	158.90760803222656	14.0
Stadt – Max Webers Ortsbestimmung	176.88031005859375	38.39837646484375	9.0	136.03860473632812	15.0
7	423.6000061035156	38.3983			
Verstehenden Soziologie“ weltweit Denkschule gemacht hat.1 Ursprünglich ist die so-	70.86000061035156	62.9678955078125	10.20135498046875	357.2220001220703	17.0
ziologische Systematik der Stadt 1921 als Aufsatz im Archiv für Sozialwissenschaft	70.8599853515625	76.18927001953125	10.0	357.2249755859375	17.0
und Sozialpolitik unter dem lakonischen Titel „Die Stadt“ erschienen.2 Aufschluss-	70.8599853515625	89.00787353515625	10.201416015625	357.1619873046875	17.0
reich und für Webers Ortsbestimmung der Stadt im Gesamtkontext seiner Soziologie	70.8599853515625	102.16912841796876	10.0	357.20098876953125	17.0
der Moderne kennzeichnend ist, wo und unter welchem Titel jener Aufsatz über „Die	70.8599853515625	115.18914794921876	10.0	357.2900390625	17.0
Stadt“ im „Grundriss der Verstehenden Soziologie“ platziert ist. Als Abschnitt mit der	70.8599853515625	128.20916748046878	10.0	357.2380065917969	17.0
Überschrift „Die nichtlegitime Herrschaft (Typologie der Städte)“ hat er seine Stelle	70.8599853515625	141.169189453125	10.0	357.30999755859375	17.0
im Kapitel IX „Soziologie der Herrschaft“ im zweiten Halbband von „Wirtschaft und	70.8599853515625	154.189208984375	10.0	357.30401611328125	17.0
Gesellschaft“ zugewiesen bekommen. Die Stadtsoziologie ist demnach im Gelände der	70.8599853515625	167.209228515625	9.999969482421877	357.2579650878906	17.0
Politischen Soziologie zu verorten. Das mag auf den ersten Blick verwundern. Aber	70.8599853515625	180.169189453125	10.0	357.2960510253906	17.0
Webers Ortsbestimmung hat plausible und zwingende Gründe für sich, die seiner Ent-	70.8599853515625	193.18917846679688	10.0	357.2368469238281	17.0
zifferung der Herausbildung der okzidentalen Moderne zugrunde liegen. Sie werden	70.8599853515625	206.20916748046875	10.0	357.2359619140625	17.0
bereits darin deutlich, was dem Abschnitt über die „Typologie der Städte“ folgt. Der	70.8599853515625	219.16915893554688	10.0	357.2469482421875	17.0
achte und letzte Abschnitt der „Soziologie der Herrschaft“ bezieht sich auf die	70.8599853515625	232.18914794921875	10.0	357.298095703125	17.0
„Staatssoziologie“, thematisiert „Die rationale Staatsanstalt und die modernen Partei-	70.8599853515625	245.20913696289062	10.0	357.1829528808594	17.0
en und Parlamente“. Mit eben dieser Staatssoziologie schließt das Webersche Schlüs-	70.8599853515625	258.16912841796875	10.0	357.2159729003906	17.0
selwerk „Wirtschaft und Gesellschaft“.	70.8599853515625	271.18911743164057	10.0	160.86898803710938	17.0
In der Staatssoziologie laufen die Linien der Religions-, Wirtschafts- und Politischen	85.01998901367188	284.2091064453125	10.0	343.0090026855469	17.0
Soziologie, die Grundlagen der Weberschen Kulturwissenschaft, zusammen. In der So-	70.8599853515625	297.1690979003906	10.0	357.2219543457031	17.0
ziologie des modernen Staates werden die Leitmotive seines weit ausladenden Werkes,	70.8599853515625	310.1890869140625	10.0	357.2080078125	17.0
Lebensführung, Tausch, Herrschaft, zusammengeführt. „Staat im Sinne des rationalen	70.8599853515625	323.2090759277344	10.0	357.3169860839844	17.0
Staates hat es nur im Okzident gegeben“ (Weber 1980/ 1922, 815), lautet das Auftakt-	70.8599853515625	336.1690673828125	10.0	357.261962890625	17.0
diktum des Schlussteils von „Wirtschaft und Gesellschaft”. In diesem Diktum ist Webers	70.8599853515625	349.1890563964844	10.0	357.1830749511719	17.0
Intention und Anstrengung, um nicht zu sagen: Obsession, konzentriert enthalten.	70.8599853515625	362.1490478515625	10.0	341.1700439453125	17.0
Im modernen Nationalstaat sieht Weber den exemplarischen Ausdruck all dessen,	85.01998901367188	375.1690368652344	10.0	343.0619812011719	17.0
dem er bis selbst in die musikologischen Facetten hinein (Weber 1921) in deutender	70.8599853515625	388.1890258789063	10.0	357.1780090332031	17.0
Analyse gefolgt ist: Werden und Gestalt der „okzidentalen Kultur“ unter Berücksich-	70.8599853515625	401.1490173339844	10.0	357.2509765625	17.0
tigung ihres „spezifisch gearteten Rationalismus“ (Weber 1988c/ 1920, 11). Weber ist	70.8599853515625	414.16900634765625	10.0	357.2369384765625	17.0
es dabei gerade nicht um historische Fortschritts- und Entwicklungsgesetze im Sinne	70.8599853515625	427.1890258789063	10.0	357.31005859375	17.0
Hegels gegangen: zwischen Marx und Weber steht Nietzsche, dessen Werk Weber auf-	70.8599853515625	440.1490173339844	10.0	357.1299743652344	17.0
merksam gelesen und ihn mit einer abgrundtiefen Skepsis gegenüber allem evoluti-	70.8599853515625	453.16900634765625	10.0	357.19000244140625	17.0
onstheoretischen Soziologismus versorgt hat. Den Singular „Fortschritt“ schreibt We-	70.86001586914062	466.1890258789063	10.0	357.14300537109375	17.0
ber nur mit dem gebührenden Anführungszeichen aufs Papier. Konstellationsanalyse	70.86001586914062	479.1490478515625	10.0	357.24102783203125	17.0
im Sinne einer differenziellen Erforschung der jeweils besonderen historischen Bedin-	70.86001586914062	492.1690368652344	10.0	357.2969055175781	17.0
gungen für gesellschaftliche Entwicklungsmöglichkeiten wäre das vielleicht ange-	70.86001586914062	505.1890258789063	10.0	357.1689758300781	17.0
messene Wort für Webers Verstehende Soziologie, in deren Zentrum dieses eine The-	70.86001586914062	518.1490478515625	10.0	357.2220153808594	17.0
ma gestanden hat: „die besondere Eigenart des okzidentalen und, innerhalb dieses,	70.86001586914062	531.1690673828125	10.0	357.24993896484375	17.0
des so modernen okzidentalen, Rationalismus zu erkennen und in ihrer Entstehung	70.86001586914062	544.1890869140625	10.000007629394533	357.20697021484375	17.0
zu erklären“ (Weber 1988c/ 1920, 12).	70.86001586914062	557.1103515625	10.0386962890625	159.54400634765625	17.0
1 Weber (1980/ 1922) Wirtschaft und Gesellschaft. Nach dieser Ausgabe wird im Folgenden aus dem Ab-	70.86000061035156	587.1845703125	8.02191162109375	344.9096221923828	18.0
schnitt über die „Typologie der Städte“ zitiert.	80.760009765625	597.2265014648438	8.0	149.2783966064453	18.0
2 Für nähere Angaben siehe Weber (1980/ 1922), 727.	70.8600082397461	610.7265014648438	8.0	177.77437591552734	18.0
SWS-Rundschau (42.Jg.) Heft 1/ 2002: 5 –18	269.10000610351557	634.7984008789062	9.0	158.90762329101562	19.0
8	53.919990000000006				
Friedhelm Kröll	205.0002899169922	38.39837646484375	9.0	54.93058776855469	21.0
Zur Konstellation des Werdens der spezifischen okzidentalen Kultur zählt für We-	68.01999664306639	63.16925048828125	10.0	343.01396942138666	22.0
ber, zusammen mit dem ökonomischen Betriebsrationalismus und der in die bürgerli-	53.8599967956543	76.18927001953125	10.0	357.27901077270513	22.0
che Arbeitsethik umgewandelten Mönchsaskese, der Durchbruch der mittelalterlichen	53.8599967956543	89.20928955078125	10.0	357.2769660949707	22.0
Stadt zur Autonomie. Dass die städtische Emanzipations- und Autonomiebewegung	53.8599967956543	102.1693115234375	10.0	357.3039741516113	22.0
nur von historisch vorübergehender Dauer war, ändert für Weber nichts an der uni-	53.8599967956543	115.1893310546875	10.0	357.24296951293945	22.0
versellen Kulturbedeutung dieser Bewegung, die schließlich vom modernen National-	53.8599967956543	128.2093505859375	10.0	357.31807327270513	22.0
staat beerbt worden ist. Die ereignisgeschichtliche Zeitspanne des Intermezzos, wie	53.8599967956543	141.16937255859375	10.0	357.3320198059082	22.0
Weber, am typologischen Kriterium orientiert, sich stets auszudrücken pflegte, ist im	53.8599967956543	154.18939208984375	10.0	357.19194412231445	22.0
europäischen Maßstab ob der Vielgestaltigkeit der Städte-Emanzipation kaum exakt	53.8599967956543	167.20941162109375	9.999969482421877	357.25801467895513	22.0
zu datieren. Je nach Kulturregion in Europa, vor allem in direkter Abhängigkeit vom	53.8599967956543	180.16937255859372	10.0	357.17500686645513	22.0
Tempo der jeweiligen Territorialstaatsbildung, datiert der für Weber interessante Auf-	53.8599967956543	193.1893615722656	10.0	357.20100784301763	22.0
bruch ins 12. und 13. Jahrhundert, erstreckt sich das Verlöschen der Autonomie, wie	53.8599967956543	206.2093505859375	10.0	357.24797439575195	22.0
etwa im Falle Italiens, das erst spät zur Nationalstaatsbildung gelangt, gar bis ins	53.8599967956543	219.1693420410156	10.0	357.3220100402832	22.0
19. Jahrhundert.	53.8599967956543	232.1893310546875	10.0	69.52200698852539	22.0
Es ist noch unsicher, es sei denn, man traute den Orakeln marktgängiger Futurolo-	68.01999664306639	245.20932006835938	10.0	343.0610275268555	22.0
gie, in welche Gestalten der moderne Nationalstaat schließlich über- und womöglich	53.8599967956543	258.1693115234375	10.0	357.2800178527832	22.0
aufgeht. In der Perspektive einer politischen Neukonstitution der Euro-Zone könnte	53.86000061035156	271.18930053710943	10.0	357.25096130371094	22.0
vielleicht einmal die Epoche der Nationalstaaten als das bezeichnet werden, was für	53.86000061035156	284.20928955078125	10.0	357.3080596923828	22.0
das Emanzipations- und Autonomiestreben der Städte im Okzident konstatiert wer-	53.86000061035156	297.1692810058594	10.0	357.18003845214844	22.0
den kann: ein historisches Intermezzo. Sie ist eine zeitweilige Kultur- und Lebens-	53.86000061035156	310.18927001953125	10.0	357.3289337158203	22.0
macht, ohne die es nicht zur gesellschaftlichen Wirklichkeit von zur Zeit Webers am	53.86000061035156	323.2092590332031	10.0	357.23899841308594	22.0
Weltmarkt konkurrierenden nationalen Machtstaaten gekommen wäre.	53.86000061035156	336.16925048828125	10.0	298.9610137939453	22.0
Der moderne Nationalstaat aber, der einstweilen allen Aposteln der Supranationa-	68.02000427246094	349.1892395019531	10.0	343.08299255371094	22.0
lität zum Trotz nicht so recht von der geschichtlichen, der Bühne der Moderne wei-	53.86000442504883	362.14923095703125	10.0	357.2099723815918	22.0
chen will, gründet in der Erfahrungswelt mittelalterlicher Städteemanzipation in Mittel-	53.8599853515625	375.1692199707031	10.0	357.2909851074219	22.0
europa. Dieser verdankt die Gegenwartskultur des Okzidents zwischen Los Angeles und	53.8599853515625	388.189208984375	10.0	357.320068359375	22.0
Budapest mehr als die nur allenthalben breit getretene Idee von Urbanität als Quell	53.8599853515625	401.1492004394531	10.0	357.3100891113281	22.0
und Garantin für zivilgesellschaftliche Offenheit. Ohne jene Emanzipation keine lo-	53.8599853515625	414.169189453125	10.0208740234375	357.17999267578125	22.0
nely crowd (Riesman 1950), sprich: Individualisierung in einer Kultur, in der das Ethos	53.8599853515625	427.189208984375	10.0208740234375	357.22003173828125	22.0
der Pflicht gegenüber dem Wert der Wahlfreiheit spürbar an Gewicht verloren hat.	53.8599853515625	440.1492004394531	10.0	348.6589660644531	22.0
3. Zum Begriff Stadt	53.8599853515625	470.7909240722656	10.0	92.4459991455078	23.0
Ständiger Tausch prägt die Entwicklungsrichtung der Zivilisation. Jener hat im Markt	53.8599853515625	492.10919189453125	10.0	357.30804443359375	24.0
seinen Ursprungsort. Nicht jede Form des Markts konstitutiert Stadt. In sozialökono-	53.8599853515625	505.12921142578125	10.0	357.18798828125	24.0
mischer Sicht beginnt Stadt dort, wo der wirtschaftliche Alltag kontinuierlich auf den	53.8599853515625	518.1492309570311	10.0	357.22100830078125	24.0
Markt bezogen ist und in ihm sein regulierendes Zentrum hat.3 Just auf die Kategorie	53.8599853515625	530.9078979492189	10.20135498046875	357.1820068359375	24.0
des chronischen Tausches bezogen bestimmt Weber ein erstes, ökonomisches Kriteri-	53.8599853515625	544.129150390625	10.000007629394533	357.2109680175781	24.0
um von Stadt: „Wir wollen von »Stadt« im ökonomischen Sinn da erst sprechen, wo	53.8599853515625	557.149169921875	10.0	357.219970703125	24.0
die ortsansässige Bevölkerung einen ökonomisch wesentlichen Teil ihres Alltagsbe-	53.8599853515625	570.109130859375	10.0	357.2490539550781	24.0
darfs auf dem örtlichen Markt befriedigt, und zwar zu einem wesentlichen Teil durch	53.8599853515625	583.129150390625	10.0	357.2070617675781	24.0
3 Vgl. die instruktive Skizze über den Zusammenhang von Markt und Stadt bei Bahrdt (1961).	53.86000061035156	610.7265014648438	8.0	307.8894805908203	25.0
SWS-Rundschau (42.Jg.) Heft 1/ 2002: 5 –18	53.86000061035156	634.7984008789062	9.0	158.90760803222656	26.0
Stadt – Max Webers Ortsbestimmung	176.88031005859375	38.39837646484375	9.0	136.03860473632812	27.0
9	423.6000061035156	38.3			
Erzeugnisse, welche die ortsansässige und die Bevölkerung des nächsten Umlandes	70.86000061035156	63.16925048828125	10.0	357.25498962402344	29.0
für den Absatz auf dem Markt erzeugt oder sonst erworben hat“ (Weber 1980/ 1922,	70.86000061035156	76.15057373046875	10.0386962890625	357.20994567871094	29.0
728). Stadt ist demnach für Weber wesentlich „Marktansiedlung“ (ebd.), wobei die	70.85995483398438	89.20928955078125	10.0	357.2229919433594	29.0
wachsende Verflechtung zwischen Lokalmarkt und Fernmärkten mit gemeint ist.	70.85995483398438	102.1693115234375	10.0	340.9090270996094	29.0
Zumindest der regulativen Idee nach stiftet städtischer Markt im Medium des	85.01995849609375	115.1893310546875	10.0	343.1360778808594	29.0
Äquivalententauschs eine Gleichheit der Teilnehmer. Urbanes Marktgeschehen kon-	70.85995483398438	128.2093505859375	10.0	357.1679992675781	29.0
stituiert einen neuartigen sozialen Raum: Öffentlichkeit. Marktbeziehungen abstra-	70.8599624633789	141.16937255859375	10.0	357.1799850463867	29.0
hieren von der Einbindung in überkommene Formen naturwüchsiger Vergemeinschaf-	70.85992431640625	154.18939208984375	10.0	357.2019958496094	29.0
tung. Marktförmiger Sozialverkehr ermöglicht zahllose, beliebige, flüchtige soziale	70.85992431640625	167.20941162109375	9.999969482421877	357.3100280761719	29.0
Kontaktaufnahmen. Geldvermittelter Markttausch erweitert die Perspektive von sozi-	70.85992431640625	180.16937255859372	10.0	357.2169494628906	29.0
aler Distanz und individueller Bewegungsfreiheit. Wer bezahlt, steht in keiner Dan-	70.85992431640625	193.1893615722656	10.0	357.1910095214844	29.0
kesschuld, geht keine personalen Bindungen ein, kann ebenso gehen, wie er gekom-	70.85992431640625	206.2093505859375	10.0	357.1800842285156	29.0
men ist. Die USA mögen hierfür als Beispiel gelten: Verwandlung der persönlichen	70.85992431640625	219.1693420410156	10.0	357.2710266113281	29.0
Dienste in geldvermittelte Dienstleistungen.4 Die urbane Sozialwelt des Marktes des-	70.85992431640625	231.9879150390625	10.201416015625	357.1940612792969	29.0
integriert traditionelle Gefüge und Nahräume, transformiert soziale Statik in regulier-	70.86001586914062	245.2091064453125	10.0	357.3479919433594	29.0
te Dynamik. Vor allem aber setzt Markturbanität die Trennung der öffentlichen von	70.86001586914062	258.16909790039057	10.0	357.2920837402344	29.0
der privaten Sphäre durch, eine Bedingung aller individuellen Emanzipation. Dessen	70.86001586914062	271.1890869140625	10.0	357.31304931640625	29.0
ungeachtet, zwingt urban-marktförmige Vergesellschaftung zum eigenverantwort-	70.86001586914062	284.2090759277344	10.0	357.2530212402344	29.0
lichen sozialen Handeln. Daher verändern Marktbeziehungen von Grund auf die For-	70.86001586914062	297.1690673828125	10.0	357.30999755859375	29.0
men sozialer Kontrolle. Markt und Stadt erscheinen so als Erziehungsstätten zur in-	70.86001586914062	310.1890563964844	10.0	357.30096435546875	29.0
dividuellen Autonomie. Als Schatten von Öffentlichkeit und Privatheit erzeugen	70.86001586914062	323.20904541015625	10.0	357.2449951171875	29.0
Anonymität und Intimität neuartige, auch das Alltagsleben in der Moderne prägende	70.86001586914062	336.1690368652344	10.0	357.30999755859375	29.0
Problemlagen.	70.86001586914062	349.18902587890625	10.0	60.47000122070313	29.0
Allerdings wirft die Vergesellschaftung, die marktorientierte, individuelle Frei-	85.02001953125	362.1490173339844	10.0	343.131103515625	29.0
heitsräume ermöglicht, grundlegend neue Probleme auf. Das wichtigste davon und	70.86001586914062	375.16900634765625	10.0	357.2989196777344	29.0
zugleich der neuralgische Punkt städtischer Marktvergesellschaftung ist die Gewähr-	70.86001586914062	388.1889953613281	10.0	357.30999755859375	29.0
leistung der Sicherheit des offenen Wirtschafts- und Sozialverkehrs. Angesprochen ist	70.86001586914062	401.1489868164063	10.0	357.23199462890625	29.0
damit die Rechtssicherheit nach innen und nach außen. Insofern ist es angezeigt, die	70.86001586914062	414.1689758300781	10.0	357.3040466308594	29.0
Soziologie der mittelalterlichen Stadt gleichsam als Vorspiel des modernen National-	70.86001586914062	427.18896484375	10.0	357.21099853515625	29.0
staats zu behandeln, der seiner Bürgerschaft in jeder Hinsicht Verkehrssicherheit zu	70.86001586914062	440.1489868164063	10.0	357.1759948730469	29.0
garantieren hat. Die mittelalterlich-mitteleuropäische Stadt erscheint in diesem Licht	70.86001586914062	453.16900634765625	10.0	357.31201171875	29.0
als Vorspiel für die Entwicklung rationalen Rechts. Die zivilisierenden Effekte liegen	70.86001586914062	466.1889953613281	10.0	357.3041076660156	29.0
auf der Hand: Berechenbarkeit des Wirtschafts- und Sozialverkehrs, Schutzgarantien	70.86001586914062	479.1489868164063	10.0	357.19696044921875	29.0
für Leib, Leben und Eigentum.	70.86001586914062	492.16900634765625	10.0	128.00698852539062	29.0
Vor diesem Problemhintergrund erweitert Weber sein erstes, ökonomisches Krite-	85.02001953125	505.1890258789063	10.0	343.0399475097656	29.0
rium von Stadt in der Perspektive einer Theorie der Moderne um weitere, insbeson-	70.86001586914062	518.1490478515625	10.0	357.27301025390625	29.0
dere dezidiert politisch-soziologische Kriterien: „Nicht jede »Stadt« im ökonomischen	70.86001586914062	531.1690063476561	10.0	357.2230224609375	29.0
und nicht jede, im politisch-administrativen Sinn einem Sonderrecht der Einwohner	70.86001586914062	544.1890258789061	10.000007629394533	357.31207275390625	29.0
unterstellte, Festung war eine »Gemeinde«. Eine Stadtgemeinde im vollen Sinn des	70.86001586914062	557.1490478515625	10.0	357.2440185546875	29.0
Wortes hat als Massenerscheinung vielmehr nur der Okzident gekannt … Denn dazu	70.86001586914062	570.1690063476562	10.0	357.2501525878906	29.0
gehörte, dass es sich um Siedlungen mindestens relativ stark gewerblichen Charak-	70.86001586914062	583.1890258789062	10.0	357.3100280761719	29.0
4 Hierzu subtil und unübertroffen Simmel (1994).	70.86000061035156	610.7265014648438	8.0	165.08160400390625	30.0
SWS-Rundschau (42.Jg.) Heft 1/ 2002: 5 –18	269.10000610351557	634.7984008789062	9.0	158.90762329101562	31.0
10	53.91999816894531	38.39837646484375	9.0	8.79840087890625	32.0
Friedhelm Kröll	205.0002899169922	38.39837646484375	9.0	54.93058776855469	33.0
ters handelte, auf welche folgende Merkmale zutrafen: 1. die Befestigung, – 2. der	53.86000061035156	63.16925048828125	10.0	357.30494689941406	34.0
Markt, 3. eigenes Gericht und mindestens teilweise eigenes Recht, – 4. Verbandscha-	53.86000061035156	76.18927001953125	10.0	357.18504333496094	34.0
rakter und damit verbunden 5. mindestens teilweise Autonomie und Autokephalie,	53.86000061035156	89.20928955078125	10.0	357.1840362548828	34.0
also auch Verwaltung durch Behörden, an deren Bestellung die Bürger als solche ir-	53.86000061035156	102.1693115234375	10.0	357.2799530029297	34.0
gendwie beteiligt waren“ (Weber 1980/ 1922, 736).	53.86000061035156	115.150634765625	10.0386962890625	213.9040069580078	34.0
Was Weber hier an konstitutiven Merkmalen zusammenstellt, ergibt im realtypo-	68.02001953125	128.2093505859375	10.0	343.1480407714844	34.0
logischen Resultat die okzidentale Stadt als eigenständige Form einer politischen Ge-	53.860023498535156	141.16937255859375	10.0	357.3199691772461	34.0
meinschaft und Kultur, die um den Markt zentriert ist. Träger dieser neuen Kultur ist	53.860023498535156	154.18939208984375	10.0	357.27404022216797	34.0
der Civis, der Stand der Bürger mit Bürgerrecht, d.h. Lebens-, Schutz- und Partizipa-	53.860023498535156	167.20941162109375	9.999969482421877	357.1679916381836	34.0
tionsrechten. Dem ökonomischen Kriterium der Marktautonomie gesellen sich dem-	53.860023498535156	180.16937255859372	10.0	357.2930221557617	34.0
nach das kulturelle der Rechtsfähigkeit des Einzelbürgers und das politische der Au-	53.860023498535156	193.1893615722656	10.0	357.2579879760742	34.0
tonomie der Bürgerschaft hinzu. Jedenfalls dem idealtypischen Grundriss nach; denn	53.860023498535156	206.2093505859375	10.0	357.31102752685547	34.0
realhistorisch eröffnet sich eine reich differenzierte Skala des von den mitteleuropäi-	53.860023498535156	219.1693420410156	10.0	357.3199691772461	34.0
schen Gewerbestädten jeweils erreichten Niveaus an politischer Autonomie. Was den	53.860023498535156	232.1893310546875	10.0	357.2199935913086	34.0
Aspekt der Autokephalie, dem Wortsinne nach kirchliche Unabhängigkeit, anlangt, so	53.860023498535156	245.20932006835938	10.0	357.1689987182617	34.0
hat natürlich das Eingebundensein in die Christenheit Geltung. Die soziale Figur des	53.860023498535156	258.1693115234375	10.0	357.3109664916992	34.0
„Vollbürgers“ ist explizit an das mit dem Empfang der Sakramente geknüpfte Christ-	53.860023498535156	271.18930053710943	10.0	357.27404022216797	34.0
Sein gebunden. „Die Christengemeinde“, und das blieben die okzidentalen Städte auch	53.860023498535156	284.20928955078125	10.0	357.30602264404297	34.0
dann, wenn sie, wie zuerst Nürnberg als Stadtkorporation zum Protestantismus über-	53.86003112792969	297.1692810058594	10.0	357.2639617919922	34.0
wechselten (dazu Hecher 2001), „war ihrem Wesen nach ein konfessioneller Verband	53.86003112792969	310.18927001953125	10.0	357.2350006103516	34.0
der gläubigen Einzelnen, nicht ein ritueller Verband von Sippen. Daher blieben die	53.86003112792969	323.2092590332031	10.0	357.3140411376953	34.0
Juden von allem Anfang an außerhalb des Bürgerverbandes“ (Weber 1980/ 1922, 747).	53.86003112792969	336.16925048828125	10.0	357.24497985839844	34.0
Ungeachtet der universalisierenden und zugleich individualisierenden Ordnung des	53.86003112792969	349.1892395019531	10.0	357.3169708251953	34.0
Christentums, also Geltung der personalen Würde für alle (Getauften) und zwar als	53.86003112792969	362.14923095703125	10.0	357.3011016845703	34.0
einzelne, konstituierte sich auch die mittelalterliche Stadt als Kultverband mit auto-	53.86003112792969	375.1692199707031	10.0	357.30393981933594	34.0
kephalen, auch rechtsförmig wirksamen religiösen Autonomietendenzen. „Die Stadt-	53.86003112792969	388.189208984375	10.0	357.2910614013672	34.0
kirche, der Stadtheilige, die Teilnahme der Bürger am Abendmahl, die offiziellen	53.86003112792969	401.1492004394531	10.0	357.24598693847656	34.0
kirchlichen Feiern der Stadt verstanden sich von selbst“ (ebd.).	53.86003112792969	414.169189453125	10.0	265.08604431152344	34.0
Stadt ist im Okzident seit jeher „ein Ort des Aufstiegs der Unfreiheit in die Frei-	68.02003479003906	427.189208984375	10.0	343.0979766845703	34.0
heit“ gewesen, und zwar nachdrücklich „durch das Mittel des geldwirtschaftlichen	53.86003494262695	440.1492004394531	10.0	357.30912399291987	34.0
Verkehrs“ (ebd., 742). Daher verbinden sich in der mittelalterlich-mitteleuropäischen	53.86003494262695	453.169189453125	10.0	357.2900199890137	34.0
Gewerbestadt des Okzidents die naturrechtlich-christliche Idee von Gleichheit und die	53.86003494262695	466.189208984375	10.0	357.3139762878418	34.0
antike, polis-bürgerliche von Freiheit zu elementaren Forderungen zivilgesellschaft-	53.86003494262695	479.14923095703125	10.0	357.3541069030762	34.0
licher Emanzipation, beide gesteuert von einem frühaufgeklärten Marktegoismus. Das	53.86003494262695	492.1692199707031	10.0	357.3021354675293	34.0
im Zuge der kollektiven und individuellen Autonomiebestrebungen neu erworbene	53.86003494262695	505.189208984375	10.0	357.23197555541987	34.0
Selbstwertgefühl des Bürgers und der Bürgerschaft sowie deren neu gewonnenes Selbst-	53.86003494262695	518.1492309570311	10.0	357.34904098510737	34.0
bewusstsein als Träger einer neuen Wirtschafts-, Rechts- und politischen Kultur wer-	53.86003494262695	531.1692504882811	10.0	357.30997848510737	34.0
den sich in der weiteren Gesellschaftsgeschichte des Okzidents nicht mehr verlieren,	53.86003494262695	544.1892700195311	10.000007629394533	357.19901657104487	34.0
mochte es auch eine Reihe von Rückschlägen gegeben haben.5 Marktautonomie und	53.85903930664063	557.0079345703125	10.14129638671875	357.2009582519531	34.0
politischer Partizipations-, schließlich auch Selbstbestimmungswille verdichten sich	53.8599853515625	570.1691284179688	10.0	357.279052734375	34.0
5 Den weiteren geistesgeschichtlichen Verlauf hat Max Horkheimer (1936) in seiner „Anthropologie des	53.86000061035156	600.7064819335938	8.0	339.7687530517578	35.0
bürgerlichen Zeitalters“ anschaulich skizziert.	63.76000213623047	610.7265014648438	7.9999961853027335	147.18399810791016	35.0
SWS-Rundschau (42.Jg.) Heft 1/ 2002: 5 –18	53.86000061035156	634.7984008789062	9.0	158.90760803222656	36.0
Stadt – Max Webers Ortsbestimmung	176.87969970703125	38.39837646484375	9.0	136.03860473632812	37.0
11	419.2200012207031	38.39837646484375	9.0	8.79840087890625	38.0
zu einer spezifischen Qualität namentlich „der typischen mittelalterlichen Stadt als	70.86000061035156	63.16925048828125	10.0	357.2788543701172	39.0
eines anstaltsmäßig vergesellschafteten, mit besonderen und charakteristischen Orga-	70.86000061035156	76.18927001953125	10.0	357.1829376220703	39.0
nen ausgestatteten Verbandes von »Bürgern«, welche in dieser ihrer Qualität einem	70.86000061035156	89.20928955078125	10.0	357.3019561767578	39.0
nur ihnen zugänglichen gemeinsamen Recht unterstehen, also ständische »Rechts-	70.86000061035156	102.1693115234375	10.0	357.23594665527344	39.0
genossen« sind“ (Weber 1980/ 1922, 743).	70.86000061035156	115.1893310546875	10.0	177.0640106201172	39.0
4. Stadtrecht bricht Herrenrecht – Vorspiel zur Moderne	70.86000061035156	145.8310546875	10.0	250.3329925537109	40.0
Mag es zunächst seltsam anmuten, dass Weber seine Stadtsoziologie in den Kontext	70.86000061035156	167.14935302734375	10.0	357.20399475097656	41.0
der „Soziologie der Herrschaft“ stellt und unter der eigenartigen Überschrift „Die	70.86000061035156	180.10934448242188	10.0	357.30906677246094	41.0
nichtlegitime Herrschaft (Typologie der Städte)“ ausargumentiert: Bei näherem Hin-	70.86000061035156	193.12933349609372	10.0	357.3119659423828	41.0
sehen zeigt sich jedoch, dass sich das umwälzend Neue städtischer Selbstkonstitution	70.86000061035156	206.1493225097656	10.0	357.20094299316406	41.0
im Legitimationsproblem verbirgt. Im Übrigen ließen sich überzeugende Gründe an-	70.86000061035156	219.10931396484372	10.0	357.3160552978516	41.0
führen, das Politische überhaupt und im Kern als Problem von Herrschaftslegitimati-	70.86000061035156	232.1293029785156	10.0	357.3019561767578	41.0
on zu dechiffrieren, gleich ob es sich um die Form der Tyrannis oder die der „Demo-	70.86000061035156	245.1492919921875	10.0	357.3250274658203	41.0
Kratie“ handelt. Darin freilich ist das Politische der Religion nahe verwandt, haben es	70.86000061035156	258.10928344726557	10.0	357.2300262451172	41.0
doch beide Lebenssphären mit Begründungs- bzw. Rechtfertigungsproblemen von	70.86000061035156	271.1292724609375	10.0	357.24205017089844	41.0
Heilsgeschehen, diesseitiger und/ oder jenseitiger Wohlfahrt zu tun. Insofern will oder	70.86000061035156	284.1492614746094	10.0	357.2350006103516	41.0
muss alles Glück, auch der US-amerikanische, von der Verfassung garantierte pursuit	70.86000061035156	297.1092529296875	10.0208740234375	357.1699981689453	41.0
of happiness, legitim sein.	70.8599853515625	310.1292419433594	10.0208740234375	110.75201416015624	41.0
Wie dem auch sei, Weber rekonstruiert in materialgesättigten Typologisierungs-	85.01998901367188	323.14923095703125	10.0	343.073974609375	41.0
schritten die Geschichte der Stadt im Lichte seiner Leitfrage nach den Konstellatio-	70.8599853515625	336.1092224121094	10.0	357.3090515136719	41.0
nen, Determinanten und Wirkkräften der Herausbildung der okzidentalen Kultur und	70.8599853515625	349.12921142578125	10.0	357.300048828125	41.0
ihres spezifischen (Zweck-) Rationalismus.6 Um verschiedene Typen zu unterscheiden,	70.8599853515625	361.9479064941406	10.2012939453125	357.218994140625	41.0
hebt Weber in „Wirtschaft und Gesellschaft“ zunächst die okzidental-vorderasiatische	70.86000061035156	375.109130859375	10.0	357.27101135253906	41.0
Stadt von der asiatischen (Beispiel: Peking) ab; sodann die mittelländisch-okzidenta-	70.86000061035156	388.1291198730469	10.0	357.2229766845703	41.0
le von der orientalischen Stadt (Beispiel: Mekka); des weiteren die mittelalterliche	70.86000061035156	401.1491088867188	10.0	357.30992126464844	41.0
gegen die antike Stadt (Beispiele: Athen, Rom), um auf einer weiteren Differenzie-	70.86000061035156	414.1091003417969	10.0	357.2908477783203	41.0
rungsebene eine detailliertere Typologie der mittelalterlichen Städte vorzunehmen.	70.86000061035156	427.1290893554688	10.0	357.3430938720703	41.0
Hierbei kontrastiert Weber einmal die Stadt nördlich der Alpen gegen die südeuropä-	70.86000061035156	440.1491088867188	10.0	357.2410125732422	41.0
ische Stadt, die wiederum näher untergliedert wird nach Seestadt (Beispiele: Venedig,	70.86000061035156	453.109130859375	10.0	357.20899963378906	41.0
Genua) und binnenländischer Stadt (Beispiele: Florenz, Mailand); sodann stellt er in	70.86000061035156	466.1291198730469	10.0	357.3101043701172	41.0
einer Sonderbetrachtung die kontinentaleuropäische der englischen Stadt gegenüber,	70.86000061035156	479.1491088867188	10.0	357.18702697753906	41.0
der es auch nicht annähernd gelingt, eine gebietskörperschaftliche Autonomie zu	70.86000061035156	492.109130859375	10.0	357.30809020996094	41.0
entfalten; freilich unter Beachtung der Besonderheit der Stadt London, der politische	70.86000061035156	505.129150390625	10.0	357.32005310058594	41.0
Emanzipationsschritte gelingen. Schließlich mündet die differenzielle Städte-Typolo-	70.86000061035156	518.149169921875	10.0	357.3159942626953	41.0
gie ein in die Unterscheidung zwischen mitteleuropäischer Seestadt (Beispiele: Ham-	70.86000061035156	531.109130859375	10.0	357.3179473876953	41.0
burg, Lübeck) und binnenländischer Gewerbestadt (Beispiel: Köln, die Stadt, die es	70.86000061035156	544.129150390625	10.000007629394533	357.30601501464844	41.0
früh schon für eine Weile zu kommunaler Autonomie bringt).	70.86000061035156	557.149169921875	10.0	260.5030059814453	41.0
6 Gleichsam wie ein bilddokumentarisches Begleitmaterial kann hierzu Benevolos (1983) umfangreiche und	70.86000061035156	590.6865234375	8.0	353.4695281982422	42.0
detaillierte „Geschichte der Stadt“ gelesen und betrachtet werden, besonders das Kapitel 7: „Die mittelal-	80.76000213623047	600.7064819335938	8.0	342.6847305297852	42.0
terlichen Städte in Europa“.	80.76000213623047	610.7265014648438	7.9999961853027335	88.62720489501953	42.0
SWS-Rundschau (42.Jg.) Heft 1/ 2002: 5 –18	269.10000610351557	634.7984008789062	9.0	158.90762329101562	43.0
12	53.91999816894531	38.39837646484375	9.0	8.79840087890625	44.0
Friedhelm Kröll	205.0002899169922	38.39837646484375	9.0	54.93058776855469	45.0
Dem Typus der binnenländischen Gewerbestadt mit Markt- und politischer Auto-	68.01999664306639	63.16925048828125	10.0	343.14992523193365	46.0
nomie gilt Webers zentrales Interesse. Denn hier – und nicht, wie die bis heute noch	53.8599967956543	76.18927001953125	10.0	357.28609085083013	46.0
verbreitete landläufige Vorstellung meint, im Typus der Handels- und Seestadt – er-	53.8599967956543	89.20928955078125	10.0	357.2609748840332	46.0
blickt Weber den Ursprung von Geist und Motivation für die die Wirtschaftsmoderne	53.8599967956543	102.1693115234375	10.0	357.2900276184082	46.0
begründende kapitalistische Betriebsorganisation. Für ihn ist die bürgerlich-binnen-	53.8599967956543	115.1893310546875	10.0	357.3159370422363	46.0
ländische Gewerbestadt das Exerzierfeld der in Zukunft so mächtigen städtebürgerli-	53.8599967956543	128.2093505859375	10.0	357.2199897766113	46.0
chen Berufs- und Arbeitsethik, der industria, die nichts anderes bedeutet als Betrieb-	53.8599967956543	141.16937255859375	10.0208740234375	357.2259712219238	46.0
samkeit und Gewerbefleiß als Quelle rastlosen und produktiven Gewinnstrebens. Hier,	53.86000061035156	154.18939208984375	10.0	357.22499084472656	46.0
im gewerbestädtischen Typus, ortet Weber die so folgenreiche, ausstrahlungskräftige	53.86000061035156	167.20941162109375	9.999969482421877	357.2460174560547	46.0
„Durchbrechung des Herrenrechts“ zugunsten des bürgerschaftlichen Stadtrechts als	53.86000061035156	180.16937255859372	10.0	357.3090057373047	46.0
eine wesentliche Etappe für die Entwicklungsperspektive der okzidentalen Kultur zur	53.86000061035156	193.1893615722656	10.0	357.3150177001953	46.0
Moderne. Die berühmte Formel „Stadtluft macht frei“ beschreibt in der städtesoziolo-	53.86000061035156	206.2093505859375	10.0	357.30995178222656	46.0
gischen Entzifferung Webers nichts anderes als die Relativierung, und nach Möglich-	53.86000061035156	219.1693420410156	10.0	357.3150177001953	46.0
keit Beseitigung des geburtsständischen Herrenrechts: es kommt zur Inthronisation	53.86000061035156	232.1893310546875	10.0	357.16307067871094	46.0
des leistungsethischen Stadtrechts als Bedingung und Garant für die freie sozialöko-	53.86000061035156	245.20932006835938	10.0	357.19908142089844	46.0
nomische Entfaltung der Bürgerschaft. Im Zusammenwirken mit der sich immer stär-	53.86000061035156	258.1693115234375	10.0	357.2480010986328	46.0
ker entwickelnden intrinsischen Arbeitsmotivation entsteht für Weber auf diese Wei-	53.86000061035156	271.18930053710943	10.0	357.18797302246094	46.0
se ein neuer Typus des und später auch der Civis als Stadtbürgerschaft.	53.86000061035156	284.20928955078125	10.0	301.6409454345703	46.0
Es gilt, einen Moment innezuhalten, bevor in einem letzten Gedankenschritt zu	68.02000427246094	297.1692810058594	10.0	343.0228729248047	46.0
Webers Stadtsoziologie jene berühmte Formel, wonach Stadtluft frei mache, im Lichte	53.86000442504883	310.18927001953125	10.0	357.31000900268555	46.0
des tiefgreifenden und folgenhaltigen Strukturwandels der Legitimation von (Selbst-)	53.86000442504883	323.2092590332031	10.0	357.30802536010737	46.0
Herrschaft befragt werden soll. Die okzidentale Städte-Revolution des 12. und 13.	53.86000442504883	336.16925048828125	10.0	357.3399467468262	46.0
Jahrhunderts hat sich natürlich nicht in einem Kräftevakuum vollzogen. Im Gegen-	53.86000442504883	349.1892395019531	10.0	357.30009078979487	46.0
teil: Zu Recht hat Wolfgang Schluchter insistiert, mit Weber von einer okzidentalen	53.86000442504883	362.14923095703125	10.0	357.21598434448237	46.0
Sonderentwicklung zu sprechen, deren Ausgang, nach Reformation, Aufklärung und	53.86000442504883	375.1692199707031	10.0208740234375	357.2800407409668	46.0
naturwissenschaftlich-technologisch implementierter Industrialisierung, die Moderne	53.86000442504883	388.189208984375	10.0	357.3000297546387	46.0
als Signatur der Weltverhältnisse bildet (dazu Schluchter 1988, Kap. 10). Zur Eigenart	53.86000442504883	401.1492004394531	10.0	357.2330131530762	46.0
der okzidentalen Entwicklung gehört wesentlich eine bestimmte gesellschaftliche	53.86000442504883	414.169189453125	10.0	357.3021354675293	46.0
Gesamtkonstellation im Hochmittelalter. Von drei großen Transformationen ist bei	53.86000442504883	427.189208984375	10.0	357.19196701049805	46.0
Schluchter im Anschluss an Weber die Rede. Da ist erstens die „päpstliche Revoluti-	53.86000442504883	440.1492004394531	10.0	357.2569694519043	46.0
on“, die Konstitution des Christentums zur römischen Zentral- und Universalkirche.	53.86000442504883	453.169189453125	10.0	357.30411911010737	46.0
Diese umfasste auch die wirtschaftliche Effektivierung des Mönchtums („ora et labo-	53.86000442504883	466.189208984375	10.0	357.25397872924805	46.0
ra“), die Verrechtlichung der religiösen Welt und schließlich die Durchbildung der	53.86001586914063	479.14923095703125	10.0	357.2510070800781	46.0
Kirche zur amtscharismatischen Anstalt (Privilegien qua Institution) mit rational-bü-	53.86001586914063	492.1692199707031	10.0	357.3078918457031	46.0
rokratischer Organisation. Da ist zweitens die „feudale Revolution“, in deren Gefolge	53.86001586914063	505.1505126953125	10.0386962890625	357.2640686035156	46.0
sich einerseits die Lebensführung des Feudaladels bzw. des Rittertums via Idealbil-	53.860023498535156	518.1492309570311	10.0	357.23397064208984	46.0
dung zunehmend vereinheitlicht, und andererseits politische Gewalten durch Institu-	53.860023498535156	531.1692504882811	10.0	357.26497650146484	46.0
tionalisierung des Lehensprinzips sukzessive vertragsstaatlich begründet und ausge-	53.86004638671875	544.1892700195311	10.000007629394533	357.3089294433594	46.0
staltet werden. Drittens gehört zur hochmittelalterlichen Gesamtkonstellation eben	53.86004638671875	557.1492309570311	10.0	357.26702880859375	46.0
die „städtische Revolution“ mit der Geburt des marktökonomisch bestimmten Stadt-	53.86004638671875	570.1692504882812	10.0	357.1929626464844	46.0
bürgertums und der Herausbildung sowie Stabilisierung der weltlichen politischen	53.86004638671875	583.1892700195312	10.0	357.3309020996094	46.0
Korporation. Jetzt vollzieht sich unter vielen Widerständen und Rückschlägen der	53.86004638671875	596.1492309570312	10.0	357.27801513671875	46.0
folgenreiche Riss zwischen Stadt (Stadtrecht) und Land (Herrenrecht). Damit sind die	53.86005020141602	609.1692504882812	10.000003814697266	357.31005477905273	46.0
SWS-Rundschau (42.Jg.) Heft 1/ 2002: 5 –18	53.86000061035156	634.7984008789062	9.0	158.90760803222656	47.0
Stadt – Max Webers Ortsbestimmung	176.87969970703125	38.39837646484375	9.0	136.03860473632812	48.0
13	419.2200012207031	38.39837646484375	9.0	8.79840087890625	49.0
Weichen für die Entwicklungsperspektive vom Stadtbürger bis hin zum nationalstaat-	70.86000061035156	63.16925048828125	10.0	357.3040008544922	50.0
lich verfassten Bürgertum gestellt. Zur Eigenart der okzidentalen Entwicklung treten	70.86000061035156	76.18927001953125	10.0	357.3140106201172	50.0
aber noch mehrere andere Momente hinzu, von denen vor allem zwei von ausschlag-	70.86000061035156	89.20928955078125	10.0	357.31202697753906	50.0
gebender Bedeutung sind.	70.86000061035156	102.1693115234375	10.0	109.58599853515624	50.0
Als prägend für die okzidentale Kulturentwicklung erweist sich zum einen der	85.02000427246094	115.1893310546875	10.0	343.1549530029297	50.0
Kompromiss zwischen weltlicher Gewalt und kirchlicher Macht, d. h. weder trium-	70.86000061035156	128.2093505859375	10.0	357.1949920654297	50.0
phiert der Cäsaropapismus, mit dem weltlichen Herrscher zugleich auch als oberster	70.86000061035156	141.16937255859375	10.0	357.3100128173828	50.0
geistlicher Instanz, noch die Theokratie; zum anderen kommt den 1096 beginnenden	70.86000061035156	154.18939208984375	10.0	357.1730499267578	50.0
Kreuzzügen eine maßgebende entwicklungsdynamische Bedeutung vor allem auch für	70.86000061035156	167.20941162109375	9.999969482421877	357.3200225830078	50.0
die Städte-Emanzipation zu. Nüchtern resümiert der profunde Kenner der Geschichte	70.86000061035156	180.16937255859372	10.0	357.31407165527344	50.0
des Antisemitismus Léon Poliakow: „Die entscheidende Rolle der Kreuzzüge für die	70.86000061035156	193.1893615722656	10.0	357.2510223388672	50.0
Entfaltung der mittelalterlichen Kultur ist wohl bekannt; es ging um einen allgemeinen	70.86000061035156	206.2093505859375	10.0	357.31895446777344	50.0
Aufbruch zu einer Handelstätigkeit und um das Erwachen einer intellektuellen Betä-	70.86000061035156	219.1693420410156	10.0	357.2549591064453	50.0
tigung, dem der Aufstieg des Bürgertums in den Städten folgte. Vor allem aber wurde	70.86000061035156	232.1893310546875	10.0	357.22496032714844	50.0
das christliche Europa dadurch seiner selbst bewusst …“ (Poliakow 1979, 36). Kurz,	70.86000061035156	245.20932006835938	10.0	357.1850128173828	50.0
Kreuzzug und Judenpogrom gehören zur historisch begünstigten Ursprungskonstel-	70.86000061035156	258.1693115234375	10.0	357.1759490966797	50.0
lation, in der sich die Emanzipation der Städte vom feudalen Herrenrecht vollzog.	70.86000061035156	271.18930053710943	10.0	347.3610382080078	50.0
Just also in jener dramatischen Umwälzungsperiode des 12. und 13. Jahrhunderts	85.02000427246094	284.20928955078125	10.0	343.1599884033203	50.0
zeichnet sich der Um- und Grundriss okzidentaler Urbanität als Ausgangspunkt der	70.86000061035156	297.1692810058594	10.0	357.2999420166016	50.0
Moderne ab. Für Weber ist nun der Bruch mit den bislang geltenden Prinzipien der	70.86000061035156	310.18927001953125	10.0	357.2980499267578	50.0
Legitimation von Herrschaft der Schlüssel zur Ortsbestimmung der Stadt in der Pers-	70.86000061035156	323.2092590332031	10.0	357.18995666503906	50.0
pektive der Herausbildung der okzidentalen Moderne. Hinter der Formel „Stadtluft	70.86000061035156	336.16925048828125	10.0	357.2830352783203	50.0
macht frei“, die zuerst in den mittel- und nordeuropäischen Städten zum allemal at-	70.86000061035156	349.1892395019531	10.0	357.3100128173828	50.0
traktiven Lock-, aber auch Kampfruf wurde, verbirgt sich ein tiefgreifender und weit-	70.86000061035156	362.14923095703125	10.0	357.3120880126953	50.0
reichender Wandel, der den langen Weg zur modernen parlamentarischen Demokra-	70.86000061035156	375.1692199707031	10.0	357.2229766845703	50.0
tie als Legitimationsgrundlage von Herrschaft begleitete.	70.86000061035156	388.189208984375	10.0	239.8750762939453	50.0
5. Die drei weichenstellenden Neuerungen	70.86000061035156	418.77093505859375	10.000015258789062	190.65599060058597	51.0
Es ist der okzidentale Städtetypus jener Zeitspanne, der sich durch drei ineinander	70.86000061035156	440.1492004394531	10.0	357.33387756347656	52.0
verschränkte Neuerungen auszeichnet. Erstens: „Die Stadtbürgerschaft usurpierte	70.86000061035156	453.10919189453125	10.0208740234375	357.1949920654297	52.0
(Hervorhebung F. K.) … – und dies war die eine große, der Sache nach revolutionäre	70.8599853515625	466.12921142578125	10.0	357.2260437011719	52.0
Neuerung der mittelalterlich-okzidentalen Stadt gegenüber allen anderen Städten –	70.8599853515625	479.14923095703125	10.0	357.31207275390625	52.0
die Durchbrechung des Herrenrechts“ (Weber 1980/1922, 742). Zweitens: „ … hier ver-	70.8599853515625	492.1092224121094	10.0	357.2818908691406	52.0
folgte, im Unterschied von fast allen anderen uns bekannten Entwicklungen, die Bür-	70.8599853515625	505.12921142578125	10.0	357.3020324707031	52.0
gerschaft der Städte in aller Regel ganz bewusst eine darauf gerichtete Ständepolitik“	70.8599853515625	518.1492309570311	10.0	357.1660461425781	52.0
(ebd.). Drittens, und nicht minder gravierend: „Die Abschneidung der ständischen	70.8599853515625	531.1092529296875	10.0	357.31793212890625	52.0
Zusammenhänge nach außen hin zum außerstädtischen Adel wurde nur in den Städ-	70.8599853515625	544.1292724609375	10.000007629394533	357.2679443359375	52.0
tekorporationen Nordeuropas ziemlich rein durchgeführt …“ (ebd., 743).	70.8599853515625	557.1492309570311	10.0	303.9190673828125	52.0
Was die „Durchbrechung des Herrenrechts“ anlangt, so fundiert das mittelalterli-	85.01998901367188	570.1092529296875	10.0	343.10400390625	52.0
che Stadtbürgertum nördlich der Alpen im Akt der Machtusurpation ein neues Legiti-	70.85999298095703	583.1292724609375	10.0	357.1999740600586	52.0
mationsprinzip von Herrschaft, nämlich ein partizipatorisch-demokratisches. Im Lichte	70.8599853515625	596.1492309570312	10.0	357.3169860839844	52.0
der ursprünglichen und älteren Formen der Herrschaftslegitimation aufgrund von	70.8599853515625	609.1092529296875	10.0	357.30511474609375	52.0
SWS-Rundschau (42.Jg.) Heft 1/ 2002: 5 –18	269.10000610351557	634.7984008789062	9.0	158.90762329101562	53.0
14	53.91999816894531	38.39837646484375	9.0	8.79840087890625	54.0
Friedhelm Kröll	205.0002899169922	38.39837646484375	9.0	54.93058776855469	55.0
Charisma und Tradition erscheint diese radikale Neuerung zum demokratischen Prin-	53.86000061035156	63.16925048828125	10.0	357.3090362548828	56.0
zip hier als Konstitution einer „nichtlegitimen Herrschaft“. In der Tat stellt sich die	53.86000061035156	76.18927001953125	10.0	357.2050018310547	56.0
Stadt gegen das Erbcharisma des Lehensfeudalismus (Privilegien qua Geburt), gegen	53.86000061035156	89.20928955078125	10.0	357.3129119873047	56.0
das Amtscharisma der Kirche (Privilegien qua Institution), auch gegen das Personal-	53.86000061035156	102.1693115234375	10.0	357.19700622558594	56.0
charisma der Klöster (Privilegien qua Begnadung). Vor allem aber steht das Vergesell-	53.86000061035156	115.1893310546875	10.0	357.16700744628906	56.0
schaftungsprinzip der mittelalterlichen Stadt und deren politische Verbandsbildung	53.86000061035156	128.2093505859375	10.0	357.1930389404297	56.0
gegen die Legitimationskraft der an den Grundbesitz gebundenen Sippe. Stadt, das	53.86000061035156	141.16937255859375	10.0208740234375	357.20799255371094	56.0
ist politische Selbstkonstitution der Erwerbsbürger, organisiert in der Form der „Eid-	53.8599853515625	154.18939208984375	10.0	357.24798583984375	56.0
verbrüderung der Zünfte gegen die Geschlechter“ (Weber 1980/1922, 775). Mit letz-	53.8599853515625	167.20941162109375	9.999969482421877	357.19500732421875	56.0
teren sind geburtsständische Adelsgeschlechter gemeint, die sich gelegentlich zum	53.8599853515625	180.16937255859372	10.0	357.3009948730469	56.0
Stadtadel hin entwickelt haben.	53.8599853515625	193.1893615722656	10.0	133.64599609375	56.0
Zweifellos werden hier die wiederentdeckten Ideen der griechischen Polis mit neu-	68.01998901367189	206.2093505859375	10.0	343.093017578125	56.0
em Leben erfüllt, die bekanntlich bis heute für das Selbstverständnis der westlichen	53.85998916625977	219.1693420410156	10.0	357.314022064209	56.0
Gegenwartsdemokratien gerne reklamiert werden und zum Allerheiligsten der geho-	53.85998916625977	232.1893310546875	10.0	357.3119773864746	56.0
benen politischen Bildung gehören. Aber die neue mittelalterliche Stadtbürgerschaft	53.85998916625977	245.20932006835938	10.0	357.31997299194336	56.0
unterscheidet sich von der antiken Polis in einigen Punkten grundlegend. Die städti-	53.85998916625977	258.1693115234375	10.0	357.24596786499023	56.0
sche Gemeinschaft (Civitas) der neuen Städte wird nicht von einer „Ackerbürger-	53.85998916625977	271.18930053710943	10.0	357.210018157959	56.0
schicht“ (ebd., 802) ländlicher Grundbesitzer konstituiert, die von den Renten ihres	53.85998916625977	284.20928955078125	10.0	357.21496200561523	56.0
außerstädtischen Grundbesitzes leben konnten. Die mittelalterliche Stadtcivitas be-	53.85998916625977	297.1692810058594	10.0	357.2459373474121	56.0
ruht nicht auf Sklavenarbeit, sondern fördert vielmehr die freie Erwerbstätigkeit. Vor	53.85998916625977	310.18927001953125	10.0	357.1749839782715	56.0
allem aber gilt für die Legitimationsgrundlagen der politischen Selbstherrschaft der	53.85998916625977	323.2092590332031	10.0	357.3169822692871	56.0
Stadtbürgerschaft: Anders als in der Antike ist die mittelalterliche Erwerbsstadt nicht	53.85998916625977	336.16925048828125	10.0	357.252010345459	56.0
mehr geprägt von der sakralen Exklusivität der an den außerstädtischen Grundbesitz	53.85998916625977	349.1892395019531	10.0	357.31005477905273	56.0
geknüpften Sippen. Ganz im Gegenteil ist die Brechung der charismatischen und tra-	53.85998916625977	362.14923095703125	10.0208740234375	357.29995346069336	56.0
ditionalen Macht der Sippe das eigentlich Moderne der mittelalterlichen Gewerbe-	53.86000061035156	375.1692199707031	10.0	357.3009185791016	56.0
stadt. Das neue Recht wird gleichsam aus dem geburtsständischen Zustand in einen	53.86000061035156	388.189208984375	10.0	357.30198669433594	56.0
demokratisch-leistungsethischen verwandelt; eine Rechtsordnung, die sich dem Grund-	53.86000061035156	401.1492004394531	10.0	357.2990264892578	56.0
riss nach die städtische Verbrüderung von Einzelbürgern selbst gegeben hat, und	53.86000061035156	414.169189453125	10.0	357.2350311279297	56.0
welcher sich der Einzelbürger im wohlverstandenen wirtschaftlichen und politischen	53.86000061035156	427.189208984375	10.0	357.3160858154297	56.0
Interesse (Markt und Autonomie) freiwillig unterordnet.	53.86000061035156	440.1492004394531	10.0	236.0700836181641	56.0
Zumindest erwähnt werden soll, dass das Christentum dem neuen, zunächst ille-	68.02000427246094	453.169189453125	10.0	343.1400604248047	56.0
gitim erscheinenden demokratischen Legitimationsprinzip, nämlich Stadtrecht statt	53.86000442504883	466.189208984375	10.0	357.3280143737793	56.0
Herrenrecht, Verband freier Erwerbsbürger statt geburtsständischer Sippe, und Leis-	53.86000442504883	479.14923095703125	10.0	357.30598068237305	56.0
tung statt Herkunft gleichsam vorgearbeitet hatte. Nicht umsonst hat Weber so aus-	53.86000442504883	492.1692199707031	10.0	357.20002365112305	56.0
giebig religionssoziologische Forschungen betrieben. Das Charakteristische der christli-	53.86004638671875	505.189208984375	10.0	357.3299560546875	56.0
chen Religion seit dem Wirken von Paulus besteht in der Entwertung des traditionalen	53.86004638671875	518.1492309570311	10.0	357.2609558105469	56.0
Sippen- und Gemeinschaftsprinzips, und ist bereits den Berichten über die Rekrutie-	53.86004257202149	531.1692504882811	10.0	357.3099708557129	56.0
rung der Jesus-Jünger zu entnehmen. So ist die Zulassung zum Abendmahl nicht an	53.86004257202149	544.1892700195311	10.000007629394533	357.308048248291	56.0
geburtsständische Herkunft gebunden. Im Kern handelt es sich also um ein demokra-	53.86004257202149	557.1492309570311	10.0	357.29892349243164	56.0
tisches Vergesellschaftungsprinzip: „Die Abstreifung aller rituellen Geburts-Schran-	53.86004257202149	570.1692504882812	10.0	357.2800636291504	56.0
ken für die Gemeinschaft der Eucharistie, wie sie in Antiochia vor sich ging, war auch –	53.86004257202149	583.1892700195312	10.0	357.2900733947754	56.0
hingesehen auf die religiösen Vorbedingungen – die Konzeptionsstunde des »Bürger-	53.86004257202149	596.1492309570312	10.0	357.2649574279785	56.0
tums« des Occidents, wenn auch dessen Geburt, in den revolutionären conjurationes	53.86004257202149	609.1692504882812	10.000003814697266	357.3100929260254	56.0
SWS-Rundschau (42.Jg.) Heft 1/ 2002: 5 –18	53.86000061035156	634.7984008789062	9.0	158.90760803222656	57.0
Stadt – Max Webers Ortsbestimmung	176.87969970703125	38.39837646484375	9.0	136.03860473632812	58.0
15	419.2200012207031	38.39837646484375	9.0	8.79840087890625	59.0
(Eidverbrüderungen, F. K.) der mittelalterlichen Städte, erst mehr als ein Jahrtausend	70.86000061035156	63.16925048828125	10.0	357.29298400878906	60.0
später erfolgte. Denn ohne Kommensalität, christlich gesprochen: ohne gemeinsames	70.86000061035156	76.18927001953125	10.0	357.3040008544922	60.0
Abendmahl, war eine Eidbrüderschaft und ein mittelalterliches Stadtbürgertum gar	70.86000061035156	89.20928955078125	10.0	357.3169708251953	60.0
nicht möglich“ (Weber 1988d/ 1921, 40).	70.86000061035156	102.1693115234375	10.0	169.9510040283203	60.0
Die Abstraktion vom sippenförmigen Herkunftsverband und die Zugehörigkeit zur	85.02000427246094	115.1893310546875	10.0	342.9999237060547	60.0
Religionsgemeinschaft, später zur Kirche, über das personalisierte Bekenntnis ist das	70.86000061035156	128.2093505859375	10.0	357.1810760498047	60.0
moderne und folgenhaltige Moment des Christentums. Es hat die Perspektive zur In-	70.86000061035156	141.16937255859375	10.0	357.1929168701172	60.0
dividualisierung eröffnet, insofern als damit die Grundlage dafür gelegt worden ist,	70.86000061035156	154.18939208984375	10.0	357.31007385253906	60.0
dass Menschen als Individuen und nicht als Sippenrepräsentanten in Korporationen	70.86000061035156	167.20941162109375	9.999969482421877	357.30198669433594	60.0
eintreten konnten. Am Horizont der Konstituierung des autonomen Stadtbürgertums	70.86000061035156	180.16937255859372	10.0	357.30101013183594	60.0
erscheint das so eminent moderne Prinzip der voluntary association (freiwilligen Ver-	70.86000061035156	193.1893615722656	10.0208740234375	357.20896911621094	60.0
einigung). Nicht Herkunft entscheidet, sondern Wille zur Kooperation und die Bereit-	70.8599853515625	206.2093505859375	10.0	357.3100891113281	60.0
schaft zur Unterordnung unter das gemeinsam gestiftete Gesetz. Allerdings, bis zur	70.8599853515625	219.1693420410156	10.0	357.300048828125	60.0
laizistischen Staatsidee mit der Trennung von Staat und Kirche, ist es noch ein weiter	70.8599853515625	232.1893310546875	10.0	357.3171081542969	60.0
Weg, denn die mittelalterliche bürgerliche Gewerbestadt bleibt ein konfessionsgebun-	70.8599853515625	245.20932006835938	10.0	357.2309265136719	60.0
dener Kultverband mit entsprechend strikten Kriterien, was die Taufe und die Pflicht	70.8599853515625	258.1693115234375	10.0	357.23199462890625	60.0
zur Teilnahme am sakralen Leben anbetrifft. Orts- und Stammesfremden eröffnet sich	70.85997009277344	271.18930053710943	10.0	357.28004455566406	60.0
in der mittelalterlichen Stadt zwar durchaus die Chance zur Zuwanderung und Inte-	70.85997009277344	284.20928955078125	10.0	357.30198669433594	60.0
gration, aber städtischer „Vollbürger“ konnte nur der getaufte, der abendländische	70.85997009277344	297.1692810058594	10.0	357.2830047607422	60.0
Christ werden.	70.85997009277344	310.18927001953125	10.0	60.91700744628906	60.0
In der zweiten Neuerung, einer gezielten Ständepolitik der mittelalterlichen Stadt,	85.01997375488281	323.2092590332031	10.0	343.16407775878906	60.0
artikuliert sich jenes Ziel des „Aufstiegs aus der Unfreiheit in die Freiheit“, aus dem	70.85997009277344	336.16925048828125	10.0	357.3080291748047	60.0
Herren- ins Stadtrecht, als eine wohldurchdachte, systematische Emanzipationspoli-	70.85997009277344	349.1892395019531	10.0	357.30296325683594	60.0
tik der sich selbst verwaltenden Stadtbürgerschaft. Diese Stadtpolitik nimmt in ihren	70.85997009277344	362.14923095703125	10.0	357.3100128173828	60.0
entscheidenden Punkten den modernen Staat und dessen Politikfelder vorweg. Die	70.85997009277344	375.1692199707031	10.0	357.16700744628906	60.0
neue urbane Autonomie sinnt dezidiert auf Eigenstrukturierung und Eigenverant-	70.85997009277344	388.189208984375	10.0	357.21897888183594	60.0
wortlichkeit in ökonomischer, sozialer, kultureller und sogar auch in religiös-kirchen-	70.85995483398438	401.1492004394531	10.0	357.2550048828125	60.0
politischer Hinsicht. Dies gilt vor allem für den Schutz und die Optimierung der Chan-	70.85995483398438	414.169189453125	10.0	357.3078918457031	60.0
cen des Erwerbsbürgers, also für die Entfaltung der Gewerbeproduktivität. Stadtpoli-	70.85995483398438	427.189208984375	10.0	357.3159484863281	60.0
tik bedeutet zuallererst Standortpolitik, auf die sich die städtische Wirtschaftspolitik	70.85995483398438	440.1492004394531	10.0	357.3099365234375	60.0
ausrichtet. Es geht um den Schutz der städtischen Gewerbetreibenden vor unliebsamer	70.85995483398438	453.169189453125	10.0	357.3200378417969	60.0
auswärtiger Konkurrenz und fremdbestimmten, feudalen Belastungen, um die wirt-	70.85995483398438	466.189208984375	10.0	357.2959899902344	60.0
schaftliche Erstarkung und Absicherung der Marktautonomie der Stadt zu sichern.	70.85995483398438	479.14923095703125	10.0	349.3011169433594	60.0
Die Stadt wird zu einem besonderen Stadtgebiet, für das besondere Rechtsverhält-	85.01995849609375	492.1692199707031	10.0	343.1600341796875	60.0
nisse des autonomen, urban-politischen Regimes gelten. Flankiert von militärpoliti-	70.85995483398438	505.189208984375	10.0	357.1799621582031	60.0
schen Maßnahmen emanzipiert sich die Stadt vom Land, das noch lange dem feudalen	70.85992431640625	518.1492309570311	10.0	357.30401611328125	60.0
Herrenrecht untersteht. Vorangetrieben wird die Ausprägung und Weiterentwicklung	70.85992431640625	531.1692504882811	10.0	357.1969909667969	60.0
des formal gesatzten Rechts: angefangen beim Grund-Recht auf autonomes Satzungs-	70.85992431640625	544.1892700195311	10.000007629394533	357.30902099609375	60.0
recht, sprich: städtische Selbstgesetzgebung, bis hin zur autonomen Gerichtsbarkeit	70.85992431640625	557.1492309570311	10.0	357.156005859375	60.0
und kommunalen Selbstverwaltung; über den Anspruch auf eigene städtische Steuer-	70.85992431640625	570.1692504882812	10.0	357.16998291015625	60.0
gewalt, ein selbstverfasstes Marktrecht einschließlich einer stadtautonomen Handels-,	70.85992431640625	583.1892700195312	10.0	357.3090515136719	60.0
Gewerbe- und Aufsichtspolizei; bis zu einer zunächst auf das Stadtgebiet bezogenen,	70.85992431640625	596.1492309570312	10.0	357.3099365234375	60.0
eigenmächtigen Immobilien- und Gewerbeflächenpolitik. Die rechtsförmig als Ge-	70.85992431640625	609.1692504882812	10.000003814697266	357.3269958496094	60.0
SWS-Rundschau (42.Jg.) Heft 1/ 2002: 5 –18	269.10000610351557	634.7984008789062	9.0	158.90762329101562	61.0
16	53.919998				
Friedhelm Kröll	205.0002899169922	38.39837646484375	9.0	54.93058776855469	63.0
bietskörperschaft ausgestaltete Stadtautonomie versteht sich ganz wesentlich als eine	53.86000061035156	63.16925048828125	10.0	357.3101043701172	64.0
eigenständige Einbürgerungspolitik. Weiters zählen dazu die Etablierung öffentlichen	53.86000061035156	76.18927001953125	10.0	357.2769927978516	64.0
Eigentums, die selbstbestimmte stadtinterne Wahl- und Gremienpolitik, die Garantie	53.86000061035156	89.20928955078125	10.0	357.23399353027344	64.0
von Verbandspluralismus, die öffentliche Wohlfahrts- und Kulturpflege und nicht	53.86000061035156	102.1693115234375	10.0	357.26502990722656	64.0
zuletzt eine eigenverantwortliche Militärpolitik („Bürgerwehr“).	53.86000061035156	115.1893310546875	10.0	267.88807678222656	64.0
Bürgerständische Stadtpolitik erscheint demnach als Übungsfeld moderner bür-	68.02000427246094	128.2093505859375	10.0	343.18101501464844	64.0
gerschaftlicher Selbstbestimmung im Hinblick auf Erwerbsorientierung, Fundierung	53.86000442504883	141.16937255859375	10.0	357.3100700378418	64.0
wirtschaftsrechtlicher Beziehungen (Grundbuch, Aktien- und Wechselrecht, Hypothe-	53.86000442504883	154.18939208984375	10.0	357.2259635925293	64.0
kenrecht, usw.) sowie auf die Ausgestaltung geldvermittelnder Sozialbeziehungen, die	53.86000442504883	167.20941162109375	9.999969482421877	357.31608200073237	64.0
versachlicht und vertraglich geregelt sind, und Affekte wie Willkür vermindern.	53.86000442504883	180.16937255859372	10.0	357.3081169128418	64.0
Schließlich findet gleichsam eine historische Probe für die Verrechtlichung und For-	53.86000442504883	193.1893615722656	10.0	357.2540397644043	64.0
malisierung gesellschaftlicher und politischer Willensbildung statt, insbesondere in	53.86000442504883	206.2093505859375	10.0	357.33698654174805	64.0
Gestalt von städtischem Versammlungsrecht im öffentlichen Raum. Es ist nicht über-	53.86000442504883	219.1693420410156	10.0	357.2909049987793	64.0
trieben, in Anknüpfung an Webers „Städtetypologie“ die mittelalterliche Gewerbe-	53.86000442504883	232.1893310546875	10.0	357.2739372253418	64.0
stadt als einen Modellversuch für die Ausbildung des kollektiven und individuellen	53.86000442504883	245.20932006835938	10.0	357.23099899291987	64.0
Selbstvertrauens des neuen Typs eines markt- und öffentlichkeitsorientierten Erwerbs-	53.86000442504883	258.1693115234375	10.0	357.2150382995605	64.0
bürgers zu bezeichnen. Wenn man so will, handelt es sich dabei um die europäische	53.86000442504883	271.18930053710943	10.0	357.2690238952637	64.0
Elementarschule für moderne Lebensführung und Lebensansprüche an eine urbane	53.86000442504883	284.20928955078125	10.0	357.27692794799805	64.0
Gesellschaft: es geht um rationale Rechtsprechung, Vertragssicherheit und Kalkulier-	53.86000442504883	297.1692810058594	10.0	357.25797653198237	64.0
barkeit, gewiss nicht nur des ökonomischen Handelns. In der Stadt neuen Typs ent-	53.86000442504883	310.18927001953125	10.0	357.25397872924805	64.0
wickelt sich erstmals, was bis heute maßgebend ist: ein Klima, in dem Eigeninitiative	53.86000442504883	323.2092590332031	10.0	357.32206344604487	64.0
oder „neudeutsch“ Innovation prämiert werden.	53.86000442504883	336.16925048828125	10.0	202.0620231628418	64.0
Bleibt noch die dritte Neuerung anzusprechen, die Zerschneidung der feudalstän-	68.02000427246094	349.1892395019531	10.0	343.1580047607422	64.0
dischen Zusammenhänge nach außen, zum außerstädtischen Adel hin wie die Ver-	53.86000442504883	362.14923095703125	10.0	357.20197677612305	64.0
wandlung der Außenbeziehungen der Stadt in regionale Markt- und Geldbeziehun-	53.86000442504883	375.1692199707031	10.0	357.1760063171387	64.0
gen. Die autonome Stadtpolitik, die unabhängige Stadtwirtschaftspolitik, und die	53.86004638671875	388.189208984375	10.0	357.29510498046875	64.0
bürgerständische Rechtspolitik mögen schlussendlich nur ein historisches Intermezzo	53.86004638671875	401.1492004394531	10.0	357.3170166015625	64.0
gewesen sein – beerbt zunächst vom modernen Patrimonialstaat, also dem absolutis-	53.86004638671875	414.169189453125	10.0	357.26605224609375	64.0
tisch regierten Territorialstaat und dessen Merkantilpolitik, mit strikter Regulierung	53.86004638671875	427.189208984375	10.0	357.2979736328125	64.0
der außenwirtschaftlichen Beziehungen von oben, und später vom modernen Natio-	53.86004638671875	440.1492004394531	10.0	357.3070373535156	64.0
nal- und Verfassungsstaat auf der Grundlage eines nationalen Binnenmarktes. Aber	53.86004638671875	453.169189453125	10.0	357.2750549316406	64.0
die durch die „Städterevolution“ in der Zeit des 12. und 13. Jahrhunderts eingeleitete	53.86004638671875	466.189208984375	10.0	357.322021484375	64.0
Trennung von Stadt und Land hat eben durch diesen Prozess des ökonomisch-politi-	53.86004638671875	479.14923095703125	10.0208740234375	357.21600341796875	64.0
schen Autonomiegewinns der Stadt weitreichende, irreversible Folgen für beide Le-	53.86004638671875	492.1692199707031	10.0	357.31304931640625	64.0
benssphären gehabt: Diese Differenz ist längst noch nicht nivelliert. Mit der neuen	53.86004638671875	505.189208984375	10.0	357.32196044921875	64.0
Stadtwirtschaftspolitik im Mittelalter wendet sich das Blatt zu Ungunsten des „plat-	53.86004638671875	518.1492309570311	10.0	357.2999267578125	64.0
ten Landes“. Aufstieg der Städte beinhaltet vor allem eine strategische Verschiebung	53.86004638671875	531.1692504882811	10.0	357.2190246582031	64.0
der sozial-ökonomischen Kräfteverhältnisse zugunsten von Gewerbe- und Geldwirt-	53.86004638671875	544.1892700195311	10.000007629394533	357.3030700683594	64.0
schaft. Das Stadtbürgertum hat seinerzeit nicht nur alle Anstrengungen unternom-	53.86004638671875	557.1492309570311	10.0	357.2790222167969	64.0
men, um sich von der feudalen Abhängigkeit zu emanzipieren. Es hat von allem An-	53.86004638671875	570.1692504882812	10.0	357.2469787597656	64.0
fang an versucht, und langfristig mit einschneidendem Erfolg, namentlich die	53.86004638671875	583.1892700195312	10.0	357.298095703125	64.0
nicht-bürgerlichen Schichten außerhalb der Stadt in ökonomische, geldvermittelte	53.86004638671875	596.1492309570312	10.0208740234375	357.2530212402344	64.0
Abhängigkeit zu bringen. Schließlich ist es dem neuen Typ von Erwerbsbürger gelun-	53.86003112792969	609.1692504882812	10.000003814697266	357.18894958496094	64.0
SWS-Rundschau (42.Jg.) Heft 1/ 2002: 5 –18	53.86000061035156	634.7984008789062	9.0	158.90760803222656	65.0
Stadt – Max Webers Ortsbestimmung	176.87969970703125	38.39837646484375	9.0	136.03860473632812	66.0
17	419.2200012207031	38.39837646484375	9.0	8.79840087890625	67.0
gen, die sogenannte Immobilie, die unbewegliche Landfläche, in eine der Geldrelation	70.86000061035156	63.16925048828125	10.0	357.3199920654297	68.0
unterworfene Mobilie zu verwandeln. Als sich einige europäische Städte schließlich	70.86000061035156	76.18927001953125	10.0	357.3120574951172	68.0
zu Metropolen verwandelten, hatte die erwerbsbürgerliche Stadt längst über das Land	70.86000061035156	89.20928955078125	10.0	357.3099822998047	68.0
triumphiert, das sich häufig genug in Form von populistischen Rebellionen gegen die	70.86000061035156	102.1693115234375	10.0	357.32603454589844	68.0
„Verstädterung“, wenn auch vergebens, gewehrt hat.	70.86000061035156	115.1893310546875	10.0	222.28001403808597	68.0
6. Stadt – Von der Emanzipation zum Unbehagen	70.86000061035156	145.8310546875	10.0	218.7610015869141	69.0
Stadtfeindschaft, Stadtflucht, das moderne Unbehagen an der Unwirtlichkeit urbanen,	70.86000061035156	167.14935302734375	10.0	357.2200164794922	70.0
großstädtisch agglomerierten Lebens, all die seit dem frühen 19. Jahrhundert bekann-	70.86000061035156	180.10934448242188	10.0	357.31300354003906	70.0
ten zivilisationskritischen Revolten aber sind ein anderes Kapitel als der hier unter-	70.86000061035156	193.12933349609372	10.0	357.31495666503906	70.0
nommene Versuch, Max Webers Betrachtungen über die Kulturbedeutung der Stadt	70.86000061035156	206.1493225097656	10.0	357.2699737548828	70.0
zu skizzieren. Zwischen dem emanzipatorischen Aufbruch der mittelalterlichen Städte	70.86000061035156	219.10931396484372	10.0	357.3180389404297	70.0
und dem rastlosen Wüten der Abrissbirnen in der Moderne liegt noch eine einschnei-	70.86000061035156	232.1293029785156	10.0	357.3121490478516	70.0
dende Zäsur: die mit der Reformation eingeleitete Idee der gottgesegneten Bewährung	70.86000061035156	245.1492919921875	10.0	357.3560028076172	70.0
des Lebens durch Berufsarbeit. Mit ihr setzt sich das neue Wirtschaftsethos durch,	70.86000061035156	258.10928344726557	10.0	357.3238677978516	70.0
welches sich in den Industrie- und später Dienstleistungsstädten entfaltet. Seither	70.86000061035156	271.1292724609375	10.0	357.3230743408203	70.0
dominieren machtvolle Optimierungs- und Effektivierungszwänge, herrschen eine	70.86000061035156	284.1492614746094	10.0	357.3000946044922	70.0
rastlose Zeitökonomie, die noch die letzten Poren des Terminkalenders schließt, eben-	70.86000061035156	297.1092529296875	10.0	357.22801208496094	70.0
so wie eine drängende Raumökonomie, die noch die letzten unbebauten Flächen ver-	70.86000061035156	310.1292419433594	10.0	357.25401306152344	70.0
nutzt. Kurz, der alte städtische, interlokal vernetzte Binnenmarkt ist übergegangen in	70.86000061035156	323.14923095703125	10.0	357.3101043701172	70.0
eine Weltmarktkonkurrenz ohn’ Unterlass, von der die Megastädte die modernen	70.86000061035156	336.1092224121094	10.0	357.2040252685547	70.0
Schattenerzählungen von Arbeitslosigkeit, desolaten Wohnverhältnissen, Unterent-	70.86000061035156	349.12921142578125	10.0	357.20494079589844	70.0
wicklung an den Peripherien der Agglomerationen, liefern: Weber zufolge, „bis der	70.86000061035156	362.1492004394531	10.0	357.1809844970703	70.0
letzte Zentner fossilen Brennstoff verglüht ist“ (Weber 1988c/ 1920, 203).	70.8599853515625	375.10919189453125	10.0	309.47802734375	70.0
Für die Stadt, notiert der bedeutende Diagnostiker der urbanen Moderne in seinem	85.01998901367188	388.1291809082031	10.0	343.06396484375	70.0
Börsen-Aufsatz, „bedeutet das Hineintragen eines rein geschäftlichen Verkehrs in die	70.8599853515625	401.149169921875	10.0	357.1820373535156	70.0
alten Gemeinschaften selbst, den ersten Schritt zu ihrer Zersetzung“ (Weber 1988a/	70.8599853515625	414.1091613769531	10.0	357.2030029296875	70.0
1894, 259). Mit der Auflösung der „alten Gemeinschaften“, forciert durch die mittel-	70.8599853515625	427.129150390625	10.0	357.3140869140625	70.0
alterliche „Städte-Revolution“, scheint freilich eine Sehnsucht erwacht zu sein, die bis	70.8599853515625	440.149169921875	10.0	357.3550109863281	70.0
dato nicht gestillt ist. Die Sehnsucht nach Kompensation für den Preis des Fort-	70.8599853515625	453.10919189453125	10.0	357.2950744628906	70.0
schritts, den Verlust erfüllter, sozialer Nähe im öffentlichen Raum über die Mikrofor-	70.8599853515625	466.1291809082031	10.0	357.2659606933594	70.0
men von Zweisamkeit, Ehe und Familie hinaus. Dem suchen seit einiger Zeit eine so-	70.8599853515625	479.149169921875	10.0	357.2790222167969	70.0
zialpsychologisch halbwegs problemvertraute Stadtentwicklungsplanung und urbane	70.8599853515625	492.10919189453125	10.0	357.3099670410156	70.0
Kulturpolitik unter dem Titel „Stadtkultur“ ein Stück weit Rechnung zu tragen. Mit	70.8599853515625	505.12921142578125	10.0	357.3020324707031	70.0
unterschiedlichem Erfolg.	70.8599853515625	518.149169921875	10.0	107.98600769042969	70.0
Literatur	70.8599853515625	548.7308959960939	10.0	38.30999755859375	71.0
<ref><author><surname>Bahrdt</surname>, <given-names>Hans Paul</given-names></author> (<year>1961</year>) <title>Die moderne Großstadt	70.86000061035156	565.464599609375	8.02191162109375	160.66880798339844	72.0
. Soziologische Überlegungen zum Städtebau	82.19999694824219	575.424560546875	8.02197265625	145.45201110839844	72.0
</title>. <other>Hamburg</other>.</ref>	82.19999694824219	585.4664916992188	8.0	31.580795288085934	72.0
<ref><author><surname>Benevolo</surname>, <given-names>Leonardo</given-names></author> (<year>1983</year>) <title>Die Geschichte der Stadt	70.86000061035156	597.9845581054688	8.02197265625	171.552001953125	72.0
</title>. <other>Frankfurt</other>.</ref>	82.19999694824219	608.0264892578125	8.0	32.045608520507805	72.0
<ref><author><surname>Hecher</surname>, <given-names>Franz</given-names></author> (<year>2001</year>) <title>Max Webers Städtetypologie	255.1199951171875	565.464599609375	8.02191162109375	162.7991943359375	73.0
am Beispiel Nürnberg</title>. <other>Magisterarbeit</other>. <other>Wien</other>.</ref>	266.52001953125	575.424560546875	8.02197265625	143.78961181640625	73.0
<ref><author><surname>Horkheimer</surname>, <given-names>Max</given-names></author> (<year>1936</year>) <title>Egoismus und Freiheitsbe-	255.1200256347656	587.964599609375	8.02191162109375	167.18878173828125	73.0
wegung. (Zur Anthropologie des bürgerlichen	266.52001953125	597.9845581054688	8.0	147.90481567382812	73.0
Zeitalters)</title>. In: <source>Zeitschrift für Sozialforschung</source>,<volume>5</volume>. Jg., Heft <issue>2</issue>, <fpage>161</fpage>-<lpage>234</lpage>.</ref>	266.52001953125	608.0045776367188	8.02191162109375	148.90634155273438	73.0
SWS-Rundschau (42.Jg.) Heft 1/ 2002: 5 –18	269.10000610351557	634.7984008789062	9.0	158.90762329101562	74.0
18	53.91999816894531	38.39837646484375	9.0	8.79840087890625	75.0
Friedhelm Kröll	205.0002899169922	38.39837646484375	9.0	54.93058776855469	76.0
<ref><author><surname>Poliakow</surname>, <given-names>Léon</given-names></author> (<year>1979</year>)<source> Geschichte des Antisemitismus</source>. Bd. <volume>1</volume>: <title>Von der Antike bis zu den Kreuzzügen</title>. <other>Worms</other>.</ref>	65.19999694824219	62.3265380859375	8.0	74.1256103515625	77.0
<ref><author><surname>Poliakow</surname>, <given-names>Léon</given-names></author> (<year>1979</year>)<source> Geschichte des Antisemitis	53.8599967956543	74.84454345703125	8.02197265625	164.7079811096191	78.0
mus</source>. Bd. <volume>1</volume>: <title>Von der Antike bis zu den Kreuz	65.19998931884766	84.86456298828125	8.0	145.42960357666016	78.0
zügen</title>. <other>Worms</other>.</ref>	65.19998931884766	94.8245849609375	8.02197265625	47.4000015258789	78.0
<ref><author><surname>Riesman</surname>, <given-names>David</given-names></author> <other>et. al.</other> (<year>1950</year>) <title>The Lonely Crowd. A	53.85999298095703	107.424560546875	8.02197265625	160.1775894165039	79.0
Study of the Changing American Character	65.19998931884766	117.38458251953124	8.02197265625	142.6919937133789	79.0
</title>. <other>New Haven</other>.</ref>	65.19998168945311	127.42657470703124	8.0	38.46159362792969	79.0
<ref><author><surname>Schluchter</surname>, <given-names>Wolfgang</given-names></author> (<year>1988</year>) <source>Religion und Lebens-	53.85998153686523	139.944580078125	8.02197265625	163.99919509887698	80.0
führung</source>. Bd. <volume>2</volume>. <title>Studien zu Max Webers Religi-	65.19998931884766	149.964599609375	8.0	150.99039459228516	80.0
ons- und Herrschaftssoziologie</title>. <other>Frankfurt</other>.</ref>	65.19998931884766	159.92462158203125	8.02197265625	138.41759490966794	80.0
<ref><author><surname>Simmel</surname>, <given-names>Georg</given-names></author> (<year>1994</year>) <title>Philosophie des Geldes	53.85997772216797	172.524658203125	8.021942138671875	148.90079498291016	81.0
</title>. <other>Frankfurt</other>.</ref>	65.19998168945311	182.506591796875	8.0	32.038406372070305	81.0
<ref><author><surname>Weber</surname>, <given-names>Max</given-names></author>(<year>1921</year>) <title>Die rationalen und soziologi	53.85998153686523	195.024658203125	8.021942138671875	158.6159858703613	82.0
schen Grundlagen der Musik</title>. <other>München</other>.</ref>	65.19998168945311	205.04464721679688	8.021942138671875	129.75999450683594	82.0
<ref><author><surname>Weber</surname>, <given-names>Max</given-names></author>(<year>1958</year>/ Orig. <year>1923</year>) <title>Wirtschaftsgeschich-	53.8599853515625	217.58465576171875	8.036163330078125	172.4119873046875	83.0
te. Abriss der universalen Sozial- und Wirt-	65.19998931884766	227.60464477539062	8.0	142.21199798583984	83.0
schaft und Gesellschaft. Grundriss der Verstehenden Soziologie</title>. <other>Tübingen</other>.</ref>	65.19998931884766	237.6246337890625	8.021942138671875	83.69120025634766	83.0
<ref><author><surname>Weber</surname>, <given-names>Max</given-names></author>(<year>1980</year>/ Orig. <year>1922</year>) <title>Wirtschaft und	238.17999267578125	62.30462646484375	8.02197265625	151.64080810546875	84.0
Gesellschaft. Grundriss der Verstehenden	249.51998901367188	72.32464599609375	8.0	134.73922729492188	84.0
Sozialpolitik</source>. <other>Tübingen</other>. </ref>	249.51998901367188	82.28466796875	8.02197265625	68.56240844726561	84.0
<ref><author><surname>Weber</surname>, <given-names>Max</given-names></author>(<year>1988</year>a/ Orig. <year>1894</year>) <title>Die Börse</title>. In: Ders.:	238.1800079345703	94.82464599609376	8.02197265625	168.68638610839844	85.0
<source>Gesammelte Aufsätze zur Soziologie und Sozial-	249.51998901367188	104.86663818359376	8.0	157.49200439453125	85.0
politik</source>. <other>Tübingen</other>, <fpage>256</fpage>-<lpage>322</lpage>.</ref>	249.51998901367188	114.88665771484376	8.0	87.82077026367188	85.0
<ref><author><surname>Weber</surname>, <given-names>Max</given-names></author>(<year>1988</year>b) <title>Die protestantische Ethik und	238.17999267578125	127.4046630859375	8.02197265625	164.69522094726562	86.0
der Geist des Kapitalismus	249.51998901367188	137.4246826171875	8.02197265625	88.81198120117188	86.0
</title>. In: Ders.: <source>Gesammelte Aufsätze zur Religions-	249.51998901367188	147.40667724609375	8.0	148.2208251953125	86.0
soziologie I</author>. <other>Tübingen</title>.</other></ref>	249.51998901367188	157.42669677734375	8.0	99.673583984375	86.0
<ref><author><surname>Weber</surname>, <given-names>Max</given-names></author>(<year>1988</year>d/ Orig. <year>1921</year>) <title>Gesammelte Auf-	238.17999267578125	169.94476318359375	8.021942138671875	161.7008056640625	87.0
sätze zur Religionssoziologie II</title>. <other>Tübingen</other>.</ref>	249.51998901367188	179.96475219726562	8.021942138671875	133.91357421875	87.0
<ref>Weber, Max (1988d/ Orig. 1921) Gesammelte Auf-	238.1799774169922	192.5047607421875	8.021942138671875	163.26560974121094	88.0
sätze zur Religionssoziologie II. Tübingen.</ref>	249.51995849609372	202.52474975585938	8.021942138671875	136.10235595703122	88.0
SWS-Rundschau (42.Jg.) Heft 1/ 2002: 5 –18	53.86000061035156	634.7984008789062	9.0	158.90760803222656	89.0
