FORUM	151.65350341796875	45.6817626953125	8.0	27.128005981445312	10	NJKLOH+DIN-Light
PETRA KLUG	151.65350341796875	145.50787353515625	9.0	53.58149719238281	11	NJKLOH+DIN-Light
Der neue Streit um Differenz? (Queer-)Feministische	151.65350341796875	90.84454345703125	13.0	310.3359680175781	12	NJKLNF+DIN-Medium
Perspektiven auf Islam und Geschlechterordnung	151.65350341796875	105.84393310546875	13.0	290.5889892578125	12	NJKLNF+DIN-Medium
Wird der Islam Gegenstand öffentlicher Debatten, so steht in den letzten Jahren ne-	151.65350341796875	170.25372314453125	10.5	348.70184326171875	13	NJKMBI+TimesNewRomanPSMT
ben dem Terrorismus vor allem die Situation von Frauen und Homosexuellen im	151.65350341796875	183.05322265625	10.5	348.69976806640625	13	NJKMBI+TimesNewRomanPSMT
Mittelpunkt der Aufmerksamkeit. Doch innerhalb der internationalen (queer-)femi-	151.65350341796875	195.85272216796875	10.5	348.7144775390625	13	NJKMBI+TimesNewRomanPSMT
nistischen Diskussion unterscheiden sich die Standpunkte zur Frage der Geschlech-	151.65350341796875	208.6522216796875	10.5	348.6893310546875	13	NJKMBI+TimesNewRomanPSMT
terordnung im Islam radikal. Dieser Artikel nimmt prägnante Positionen dieser	151.65350341796875	221.45172119140625	10.5	348.7007751464844	13	NJKMBI+TimesNewRomanPSMT
Debatte exemplarisch in den Blick.1 Auf der einen Seite sehen AutorInnen die Ge-	151.65350341796875	234.251220703125	10.502471923828125	348.6748046875	13	NJKMBI+TimesNewRomanPSMT
fahr, durch Kritik an bestimmten Praxen oder Einstellungen Rassismus gegenüber	151.65374755859375	247.05422973632812	10.5	348.6976623535156	13	NJKMBI+TimesNewRomanPSMT
MuslimInnen zu befördern. Auf der anderen Seite wird westlichen FeministInnen	151.65374755859375	259.8547668457031	10.5	348.6903381347656	13	NJKMBI+TimesNewRomanPSMT
vorgeworfen, gerade mit dieser Haltung Menschenrechtsverletzungen an Frauen	151.65374755859375	272.6553039550781	10.5	348.69244384765625	13	NJKMBI+TimesNewRomanPSMT
und Homosexuellen, die im Namen von Religion und Kultur begangen werden, zu	151.65374755859375	285.4558410644531	10.5	348.6934814453125	13	NJKMBI+TimesNewRomanPSMT
ignorieren, zu dulden oder gar zu rechtfertigen, dabei für verschiedene Kulturen	151.65374755859375	298.2563781738281	10.5	348.70501708984375	13	NJKMBI+TimesNewRomanPSMT
unterschiedliche Maßstäbe anzusetzen und so in Konsequenz selbst rassistisch zu ar-	151.65374755859375	311.0569152832031	10.5	348.6945495605469	13	NJKMBI+TimesNewRomanPSMT
gumentieren. Diese Positionen basieren implizit oder explizit in je unterschiedlicher	151.65374755859375	323.8574523925781	10.5	348.7250061035156	13	NJKMBI+TimesNewRomanPSMT
Weise auf Vorstellungen, die gemeinhin mit den Begriffen Moderne resp. Postmo-	151.65374755859375	336.6579895019531	10.5	348.6933898925781	13	NJKMBI+TimesNewRomanPSMT
derne assoziiert werden und die den epistemologischen Hintergrund der Auseinan-	151.65374755859375	349.4585266113281	10.5	348.69342041015625	13	NJKMBI+TimesNewRomanPSMT
dersetzung bilden.	151.65374755859375	362.2590637207031	10.5	76.72349548339844	13	NJKMBI+TimesNewRomanPSMT
Einer der Höhepunkte der Diskussion um Islam, Homophobie, Sexismus und Ras-	151.65374755859375	375.0596008300781	10.5	348.67352294921875	13	NJKMBI+TimesNewRomanPSMT
sismus in Deutschland war wohl die Kritik Judith Butlers am Berliner Christopher	151.65374755859375	387.8601379394531	10.5	348.6912841796875	13	NJKMBI+TimesNewRomanPSMT
Street Day (CSD) 2010. Butler nähert sich dem Themenkomplex über eine Kritik	151.65374755859375	400.6606750488281	10.5	348.6893005371094	13	NJKMBI+TimesNewRomanPSMT
am liberalen, modernistischen Rahmen, der die Forderungen von Queers und Musli-	151.65374755859375	413.4612121582031	10.5	348.6944885253906	13	NJKMBI+TimesNewRomanPSMT
men erst gegensätzlich erscheinen ließe. Haideh Moghissi hingegen kritisierte schon	151.65374755859375	426.2617492675781	10.5	348.7091979980469	13	NJKMBI+TimesNewRomanPSMT
1999 diesen Trend des postmodernen Relativismus als einen fiktiven Radikalismus,	151.65374755859375	439.0622863769531	10.5	348.7029113769531	13	NJKMBI+TimesNewRomanPSMT
der kulturelle Differenzen feiere und sich durch seine Ablehnung von Modernität für	151.65374755859375	451.8628234863281	10.5	348.7040100097656	13	NJKMBI+TimesNewRomanPSMT
die reaktionärsten Ideen des islamischen Fundamentalismus anbiete. Im Folgenden	151.65374755859375	464.66339111328125	10.5	348.70501708984375	13	NJKMBI+TimesNewRomanPSMT
werden die Argumentationen dieser beiden Autorinnen analysiert und in einer Art	151.65374755859375	477.46392822265625	10.5	348.69976806640625	13	NJKMBI+TimesNewRomanPSMT
„Streit um Differenz“ (vgl. Benhabib 1993) in konstruktiver, aber kritischer Weise	151.65374755859375	490.2644958496094	10.5	348.7018127441406	13	NJKMBI+TimesNewRomanPSMT
gegeneinander diskutiert.	151.65374755859375	503.0650634765625	10.5	105.88198852539062	13	NJKMBI+TimesNewRomanPSMT
Auch in der hiesigen Debatte um den Islam finden sich sehr gegensätzliche Positi-	151.65374755859375	515.8656005859375	10.5	348.6985168457031	13	NJKMBI+TimesNewRomanPSMT
onen: Christina von Braun und Bettina Mathes (2007) ziehen historische und aktu-	151.65374755859375	528.6661376953125	10.5	348.6922302246094	13	NJKMBI+TimesNewRomanPSMT
elle Parallelen zwischen Geschlechterverhältnissen in Orient und Okzident. Seyran	151.65374755859375	541.4666748046875	10.5	348.7153625488281	13	NJKMBI+TimesNewRomanPSMT
Ateş (2008) hingegen sieht das islamische Frauenbild im Gegensatz zur westlichen	151.65374755859375	554.2672729492188	10.5	348.62628173828125	13	NJKMBI+TimesNewRomanPSMT
Errungenschaft der Gleichberechtigung und kritisiert die unterschiedlichen Maß-	151.65374755859375	567.0678100585938	10.5	348.6252746582031	13	NJKMBI+TimesNewRomanPSMT
stäbe, die deutsche Feministinnen an sich und an „die Anderen“ anlegen würden.	151.65374755859375	579.8683471679688	10.5	340.81109619140625	13	NJKMBI+TimesNewRomanPSMT
114 FEMINA POLITICA 2 | 2013	132.35220336914062	674.891845703125	7.1434326171875	103.56150817871094	14	NJKLOH+DIN-Light
FP_02_13_105_124.indd 114	104.96099853515625	716.723876953125	5.999999523162842	74.34120178222656	15	NJKMBI+TimesNewRomanPSMT
08.10.2013 18:22:53	494.00799560546875	716.723876953125	5.999999523162842	52.8336181640625	75	NJKMBI+TimesNewRomanPSMT
FORUM	473.18560791015625	45.6817626953125	8.0	27.12799072265625	17	NJKLOH+DIN-Light
Positionen	151.65350341796875	93.1396484375	10.20001220703125	48.41938781738281	18	NJKLNF+DIN-Medium
Judith Butlers Kritik in der Rede anlässlich ihrer Zurückweisung des Zivilcourage-	151.65350341796875	119.02423095703125	10.52947998046875	348.6955871582031	19	NJKMBI+TimesNewRomanPSMT
preises des CSD am 19.06.2010 richtete sich vor allem gegen die Instrumentalisie-	151.65350341796875	131.85321044921875	10.5	348.69244384765625	19	NJKMBI+TimesNewRomanPSMT
rung und Instrumentalisierbarkeit emanzipatorischer Forderungen für rassistische	151.65350341796875	144.6527099609375	10.5	348.69451904296875	19	NJKMBI+TimesNewRomanPSMT
Argumentationen. Sie warf dem CSD eine „Komplizenschaft mit Rassismus ein-	151.65350341796875	157.45220947265625	10.5	348.6966247558594	19	NJKMBI+TimesNewRomanPSMT
schließlich antimuslimischen Rassismus“ vor. Homosexuelle und Queers würden	151.65350341796875	170.251708984375	10.5	348.68719482421875	19	NJKMBI+TimesNewRomanPSMT
benutzt, um durch forcierte Islamophobie „kulturelle Kriege gegen MigrantInnen	151.65350341796875	183.05120849609375	10.5	348.7029113769531	19	NJKMBI+TimesNewRomanPSMT
(…) und militärische Kriege gegen Irak und Afghanistan“ zu führen. Viele euro-	151.65350341796875	195.8507080078125	10.5	348.6976623535156	19	NJKMBI+TimesNewRomanPSMT
päische Regierungen würden behaupten, dass die Freiheit von Homosexuellen be-	151.65350341796875	208.65020751953125	10.5	348.69036865234375	19	NJKMBI+TimesNewRomanPSMT
schützt werden müsse und dass dafür der neue „Hass“ auf MigrantInnen nötig sei	151.65350341796875	221.44970703125	10.5	348.6840515136719	19	NJKMBI+TimesNewRomanPSMT
(Butler 2010a). Schon in ihrem Buch „Raster des Krieges“ argumentiert sie, dass	151.65350341796875	234.24920654296875	10.5	348.6840515136719	19	NJKMBI+TimesNewRomanPSMT
Sexualpolitik und feministische Politik im Dienste des Krieges stehen könnten:	151.65350341796875	247.0487060546875	10.5	330.424560546875	19	NJKMBI+TimesNewRomanPSMT
Forderungen nach neuen oder radikalen sexuellen Freiheiten werden nur zu oft gerade von	165.8267059326172	273.80328369140625	9.0	320.3568878173828	20	NJKMBI+TimesNewRomanPSMT
jenem, gewöhnlich von der Staatsmacht selbst eingenommenen Standpunkt aus angeeig-	165.8267059326172	286.60308837890625	9.0	320.3532257080078	20	NJKMBI+TimesNewRomanPSMT
net, von dem aus versucht wird, Europa und die Moderne als die privilegierte Sphäre zu	165.8267059326172	299.40289306640625	9.0	320.3460235595703	20	NJKMBI+TimesNewRomanPSMT
reklamieren, in der sexueller Radikalismus seinen Platz finden kann und findet. Oft, wenn	165.8267059326172	312.20269775390625	9.0	320.36402893066406	20	NJKMBI+TimesNewRomanPSMT
auch nicht immer, wird darüber hinaus verlangt, dass diese privilegierte Sphäre radikaler	165.8267059326172	325.00250244140625	9.0	320.35951232910156	20	NJKMBI+TimesNewRomanPSMT
Freiheit gegen die vermeintliche Orthodoxie neuer Einwanderergruppen geschützt werden	165.8267059326172	337.80230712890625	9.0	320.3622283935547	20	NJKMBI+TimesNewRomanPSMT
müsse (Butler 2010b, 100).	165.8267059326172	350.60211181640625	9.0	97.56898498535156	20	NJKMBI+TimesNewRomanPSMT
Dem liege die „Geschichte einer progressiven Modernität“ zugrunde, die ihrerseits	151.65350341796875	375.0537109375	10.5	348.7060852050781	21	NJKMBI+TimesNewRomanPSMT
Gegenstand der Reflexion werden müsse. Butler konzipiert die Frage also als ein	151.65350341796875	387.854248046875	10.5	348.6955871582031	21	NJKMBI+TimesNewRomanPSMT
Problem von Zeit und Fortschritt: Fortschritt definiere sich in Abgrenzung zu einer	151.65350341796875	400.65478515625	10.5	348.7008056640625	21	NJKMBI+TimesNewRomanPSMT
vermeintlichen Vormoderne, die dazu aber erst konstruiert werden müsse. Europa	151.65350341796875	413.455322265625	10.5	348.70294189453125	21	NJKMBI+TimesNewRomanPSMT
und die Moderne würden als Ort für „radikale“ sexuelle Freiheiten präsentiert und	151.65350341796875	426.255859375	10.5	348.69873046875	21	NJKMBI+TimesNewRomanPSMT
die eigentlich subversiven Forderungen nach Freiheit für Frauen und Homosexuelle	151.65350341796875	439.056396484375	10.5	348.7018127441406	21	NJKMBI+TimesNewRomanPSMT
von der Staatsmacht für den Kampf gegen den Islam und Einwanderung instrumen-	151.65350341796875	451.85693359375	10.5	348.70184326171875	21	NJKMBI+TimesNewRomanPSMT
talisiert (Butler 2010b, 100f.). Die Normen, die ihr als Voraussetzung dieser spezi-	151.65350341796875	464.6575012207031	10.5	348.6861267089844	21	NJKMBI+TimesNewRomanPSMT
fischen Modernität gelten, also insbesondere die Säkularität, stellten einen dogma-	151.65350341796875	477.45806884765625	10.5	348.70709228515625	21	NJKMBI+TimesNewRomanPSMT
tischen Rahmen dar, innerhalb dessen „die persönliche Ausdrucksfreiheit generell	151.65350341796875	490.25860595703125	10.5	348.70501708984375	21	NJKMBI+TimesNewRomanPSMT
von der Unterdrückung beweglicher und strittiger Begriffe der kulturellen Diffe-	151.65350341796875	503.05914306640625	10.5	348.6986999511719	21	NJKMBI+TimesNewRomanPSMT
renz“ abhänge (Butler 2010b, 105). Das führe zur Spaltung zwischen progressiver	151.65350341796875	515.8597412109375	10.5	348.673583984375	21	NJKMBI+TimesNewRomanPSMT
Sexualpolitik auf der einen Seite und dem Kampf gegen Rassismus und religiöse	151.65350341796875	528.6602783203125	10.5	348.6871032714844	21	NJKMBI+TimesNewRomanPSMT
Diskriminierung auf der anderen, die innerhalb des liberalistischen Rahmens ge-	151.65350341796875	541.4608154296875	10.5	348.7008056640625	21	NJKMBI+TimesNewRomanPSMT
gensätzlich erscheinen müssten. Ihr gehe es also nicht „darum, sexuelle Freiheiten	151.65350341796875	554.2613525390625	10.5	348.705078125	21	NJKMBI+TimesNewRomanPSMT
gegen religiöse einzutauschen“, sondern darum, den Rahmen, der diese Gegenü-	151.65350341796875	567.0618896484375	10.5	348.68927001953125	21	NJKMBI+TimesNewRomanPSMT
berstellung erst bedinge, nämlich die „restriktive Idee der persönlichen Freiheit in	151.65350341796875	579.8624877929688	10.5	348.7154846191406	21	NJKMBI+TimesNewRomanPSMT
Verbindung mit einem restriktiven Fortschrittsbegriff“, infrage zu stellen. Ziel ist	151.65350341796875	592.6630249023438	10.499992370605469	348.710205078125	21	NJKMBI+TimesNewRomanPSMT
dabei die Zusammenführung der Kämpfe gegen Homophobie und gegen „kulturelle	151.65350341796875	605.4635620117188	10.5	348.7102355957031	21	NJKMBI+TimesNewRomanPSMT
und religiöse Rassismen“ durch eine Konzentration auf Staatsgewalt und Zwangs-	151.65350341796875	618.2640991210938	10.5	348.6934814453125	21	NJKMBI+TimesNewRomanPSMT
FEMINA POLITICA 2 | 2013 115	416.0516052246094	674.891845703125	7.1434326171875	103.55874633789062	22	NJKLOH+DIN-Light
FP_02_13_105_124.indd 115	104.96099853515625	716.723876953125	5.999999523162842	74.34120178222656	23	NJKMBI+TimesNewRomanPSMT
08.10.2013 18:22:53	494.00799560546875	716.723876953125	5.999999523162842	52.8336181640625	68	NJKMBI+TimesNewRomanPSMT
FORUM	151.65350341796875	45.68170166015625	8.0	27.128005981445312	55	NJKLOH+DIN-Light
mechanismen. So könne man zu einem „alternativen politischen Rahmen“ gelangen,	151.65350341796875	93.45330810546875	10.5	348.7197265625	26	NJKMBI+TimesNewRomanPSMT
den sie dann allerdings nicht weiter ausführt (Butler 2010b, 106f.).	151.65350341796875	106.25384521484375	10.5	278.1765441894531	26	NJKMBI+TimesNewRomanPSMT
Der Ansatz von Haideh Moghissi klingt wie eine punktgenaue Antwort auf Butler, in	151.65350341796875	119.02490234375	10.52947998046875	348.6965637207031	26	NJKMBI+TimesNewRomanPSMT
der viele Aspekte ihrer Position antizipiert und kritisiert werden – und das, obwohl	151.654541015625	131.8538818359375	10.5	348.69866943359375	26	NJKMBI+TimesNewRomanPSMT
ihre Kritik am Postmodernismus und seiner Rolle für den islamischen Fundamen-	151.654541015625	144.65338134765625	10.5	348.69451904296875	26	NJKMBI+TimesNewRomanPSMT
talismus in „Feminism and Islamic Fundamentalism“ zehn Jahre vor Butlers Buch	151.654541015625	157.452880859375	10.5	348.6944885253906	26	NJKMBI+TimesNewRomanPSMT
erschienen ist. Moghissis Hauptkritikpunkt ist eben jene im postmodernen Rahmen	151.654541015625	170.25238037109375	10.5	348.70819091796875	26	NJKMBI+TimesNewRomanPSMT
implizierte Ablehnung der Moderne, die die Postmoderne mit dem Fundamentalis-	151.654541015625	183.0518798828125	10.5	348.7091979980469	26	NJKMBI+TimesNewRomanPSMT
mus gemein habe (Moghissi 1999, 52). Postmoderne Ansätze lenkten den Blick auf	151.654541015625	195.85137939453125	10.5	348.6976318359375	26	NJKMBI+TimesNewRomanPSMT
kulturelle Annahmen hinter der universalen Vernunft, sie proklamierten unterschied-	151.654541015625	208.65087890625	10.5	348.7102355957031	26	NJKMBI+TimesNewRomanPSMT
liche Geschwindigkeiten und Richtungen der Entwicklung von verschiedenen Kul-	151.654541015625	221.45037841796875	10.5	348.7028503417969	26	NJKMBI+TimesNewRomanPSMT
turen, eine plurale Moral und plurales Wissen. Für die Debatte um den Islam berge	151.654541015625	234.2498779296875	10.5	348.69757080078125	26	NJKMBI+TimesNewRomanPSMT
das aber große Risiken: Denn Modernität – die sie von Modernisierung als ökono-	151.654541015625	247.04937744140625	10.5	348.6798400878906	26	NJKMBI+TimesNewRomanPSMT
mischer Komponente unterscheidet und die auch politische und kulturelle Aspekte	151.654541015625	259.848876953125	10.5	348.7049560546875	26	NJKMBI+TimesNewRomanPSMT
wie soziale Gerechtigkeit, Demokratie, Säkularismus, staatliche Verantwortung und	151.654541015625	272.64837646484375	10.5	348.71234130859375	26	NJKMBI+TimesNewRomanPSMT
Rechtsstaatlichkeit umfasse – habe in islamischen Gesellschaften noch gar nicht be-	151.654541015625	285.4478759765625	10.5	348.7154846191406	26	NJKMBI+TimesNewRomanPSMT
gonnen (Moghissi 1999, 53f.). Sie zurückzuweisen, ohne dabei eine humanere und	151.654541015625	298.24737548828125	10.5	348.6839904785156	26	NJKMBI+TimesNewRomanPSMT
egalitärere Alternative anzubieten, hieße den Fundamentalismus zur einzigen Hoff-	151.654541015625	311.046875	10.5	348.7228698730469	26	NJKMBI+TimesNewRomanPSMT
nung für die islamische Welt zu machen (Moghissi 1999, 56).	151.654541015625	323.84637451171875	10.5	256.44989013671875	26	NJKMBI+TimesNewRomanPSMT
Westliche AkademikerInnen würden teilweise alle Aspekte der von ihnen unter-	151.654541015625	336.6458740234375	10.5	348.7071228027344	26	NJKMBI+TimesNewRomanPSMT
suchten Gesellschaften verteidigen – auch wenn sie für die eigene Gesellschaft nicht	151.654541015625	349.44537353515625	10.5	348.71234130859375	26	NJKMBI+TimesNewRomanPSMT
akzeptabel wären, und auch wenn das hieße, diejenigen Intellektuellen der unter-	151.654541015625	362.244873046875	10.5	348.7049865722656	26	NJKMBI+TimesNewRomanPSMT
suchten Gesellschaften zu ignorieren oder zu kritisieren, die sich mit diesen Zustän-	151.654541015625	375.04437255859375	10.5	348.7185974121094	26	NJKMBI+TimesNewRomanPSMT
den nicht abfinden wollen (Moghissi 1999, 49f.).	151.654541015625	387.8438720703125	10.5	204.613525390625	26	NJKMBI+TimesNewRomanPSMT
Blessed by democratic social, political and cultural institutions, Western intellectuals may	165.8267059326172	414.603271484375	9.0	320.3802032470703	27	NJKMBI+TimesNewRomanPSMT
be able to take a sharp look at rationality, humanism, universalism and modernity. Pro-	165.8267059326172	427.403076171875	9.0	320.35142517089844	27	NJKMBI+TimesNewRomanPSMT
tected as they are, they will not come to harm if they entertain fantasies about communal	165.8267059326172	440.202880859375	9.0	320.36402893066406	27	NJKMBI+TimesNewRomanPSMT
bonding, the exotic, the small and local, or romanticize premodern practices and institu-	165.8267059326172	453.002685546875	9.0	320.36219787597656	27	NJKMBI+TimesNewRomanPSMT
tions, harbouring hopes in them for authentic cultural practices which would respond to	165.8267059326172	465.802490234375	8.999984741210938	320.34779357910156	27	NJKMBI+TimesNewRomanPSMT
human spiritual needs (Moghissi 1999, 58).	165.8267059326172	478.602294921875	9.0	155.61900329589844	27	NJKMBI+TimesNewRomanPSMT
Moghissi hingegen weist auf die Macht- und Gewaltförmigkeit der Implementie-	151.65350341796875	503.0537109375	10.5	348.69873046875	28	NJKMBI+TimesNewRomanPSMT
rung und Perpetuierung von Kultur hin. Kulturen seien in sich differenziert und von	151.65350341796875	515.854248046875	10.5	348.7018737792969	28	NJKMBI+TimesNewRomanPSMT
Machtverhältnissen durchzogen. Sie würden durch viel Leid und Schmerz aufrecht-	151.65350341796875	528.6548461914062	10.5	348.70819091796875	28	NJKMBI+TimesNewRomanPSMT
erhalten (Moghissi 1999, 59). Die Rede von unterschiedlichen Geschwindigkeiten,	151.65350341796875	541.4553833007812	10.5	348.688232421875	28	NJKMBI+TimesNewRomanPSMT
in denen sich Gesellschaften entwickelten, ignoriere, dass die schnelle Entwick-	151.65350341796875	554.2559204101562	10.5	348.7039489746094	28	NJKMBI+TimesNewRomanPSMT
lung des Westens auf Kosten der kolonialisierten Teile der Welt vonstatten ging.	151.65350341796875	567.0565185546875	10.5	348.7049560546875	28	NJKMBI+TimesNewRomanPSMT
Die Aufteilung in Länder, für die individuelle Freiheiten und Rechte gelten sollen,	151.65350341796875	579.8570556640625	10.5	348.7113037109375	28	NJKMBI+TimesNewRomanPSMT
und solche, für die sie nicht gelten müssten, suggeriere, dass in letzteren Armut,	151.65350341796875	592.6575927734375	10.499992370605469	348.6987609863281	28	NJKMBI+TimesNewRomanPSMT
Repression und Gewalt gleichsam endemisch und natürlich seien und dass dies als	151.65350341796875	605.4581298828125	10.5	348.6935119628906	28	NJKMBI+TimesNewRomanPSMT
ihr eigener Entwicklungsweg zu respektieren sei. Zudem erwecke diese Sichtweise	151.65350341796875	618.2586669921875	10.5	348.70916748046875	28	NJKMBI+TimesNewRomanPSMT
116 FEMINA POLITICA 2 | 2013	132.35220336914062	674.891845703125	7.1434326171875	103.56150817871094	29	NJKLOH+DIN-Light
FP_02_13_105_124.indd 116	104.96099853515625	716.723876953125	5.999999523162842	74.34120178222656	30	NJKMBI+TimesNewRomanPSMT
08.10.2013 18:22:53	494.00799560546875	716.723876953125	5.999999523162842	52.8336181640625	61	NJKMBI+TimesNewRomanPSMT
FORUM	473.18560791015625	45.68170166015625	8.0	27.12799072265625	62	NJKLOH+DIN-Light
den Anschein, Leiden und Armut selbst seien verhandelbar und kulturell definiert.	151.65350341796875	93.45330810546875	10.5	348.7018737792969	33	NJKMBI+TimesNewRomanPSMT
Diese Form von Toleranz ist für Moghissi unvereinbar mit den Menschenrechten:	151.65350341796875	106.25384521484375	10.5	348.69561767578125	33	NJKMBI+TimesNewRomanPSMT
Sie spiele den Machthabenden und FundamentalistInnen in die Hände, die eben-	151.65350341796875	119.05438232421875	10.5	348.6944885253906	33	NJKMBI+TimesNewRomanPSMT
falls behaupteten, dass Menschenrechte kulturell gebunden und westlich seien, und	151.65350341796875	131.85491943359375	10.5	348.70294189453125	33	NJKMBI+TimesNewRomanPSMT
internationale Maßstäbe für Menschenrechte als imperialistisch zurückwiesen, um	151.65350341796875	144.65545654296875	10.5	348.7081604003906	33	NJKMBI+TimesNewRomanPSMT
ihre Unterdrückung zu legitimieren. Obwohl im Westen entstanden, dürfe Moder-	151.65350341796875	157.45599365234375	10.5	348.6955261230469	33	NJKMBI+TimesNewRomanPSMT
nität nicht weiter nur bestimmten Kulturen und reichen Staaten vorbehalten bleiben	151.65350341796875	170.25653076171875	10.5	348.7259826660156	33	NJKMBI+TimesNewRomanPSMT
(Moghissi 1999, 61ff.).	151.65350341796875	183.05706787109375	10.5	96.98744201660156	33	NJKMBI+TimesNewRomanPSMT
Diskussionen	151.65350341796875	208.33990478515625	10.199981689453125	61.393798828125	34	NJKLNF+DIN-Medium
Diese polarisierten Positionen werden, so der Ausgangspunkt dieses Beitrags, auf	151.65350341796875	234.25369262695312	10.5	348.6839904785156	35	NJKMBI+TimesNewRomanPSMT
dem Hintergrund fundamental entgegengesetzter Vorstellungen von Gesellschaft	151.65350341796875	247.05422973632812	10.5	348.7050476074219	35	NJKMBI+TimesNewRomanPSMT
und deren Kritik formuliert. Diese Vorstellungen sollen im Folgenden anhand ei-	151.65350341796875	259.8547668457031	10.5	348.6955871582031	35	NJKMBI+TimesNewRomanPSMT
niger zentraler Schlüsselaspekte herausgearbeitet werden: In der Diskussion um	151.65350341796875	272.6553039550781	10.5	348.694580078125	35	NJKMBI+TimesNewRomanPSMT
die Postmoderne am Gegenstand der Geschlechterverhältnisse im Islam hat sich	151.65350341796875	285.4558410644531	10.5	348.69561767578125	35	NJKMBI+TimesNewRomanPSMT
der Vorwurf des Rassismus und Ethnozentrismus als wiederkehrender Kritikpunkt	151.65350341796875	298.2563781738281	10.5	348.68402099609375	35	NJKMBI+TimesNewRomanPSMT
herauskristallisiert. Dies ist untrennbar verbunden mit den Fragen nach der Stel-	151.65350341796875	311.0569152832031	10.5	348.69451904296875	35	NJKMBI+TimesNewRomanPSMT
lung des Individuums zu seiner Kultur einerseits und dem Verhältnis zwischen den	151.65350341796875	323.8574523925781	10.5	348.6903076171875	35	NJKMBI+TimesNewRomanPSMT
Kulturen andererseits. Dabei wird die Frage nach der Objektivität und Normativität	151.65350341796875	336.6579895019531	10.5	348.7154846191406	35	NJKMBI+TimesNewRomanPSMT
relevant, und daran wiederum schließt sich unmittelbar die Frage nach den Implika-	151.65350341796875	349.4585266113281	10.5	348.7185974121094	35	NJKMBI+TimesNewRomanPSMT
tionen des theoretischen Rahmens für eine emanzipatorische Praxis an.	151.65350341796875	362.2590637207031	10.5	296.2155456542969	35	NJKMBI+TimesNewRomanPSMT
Rassismus und Ethnozentrismus	151.65350341796875	387.9087219238281	10.0	144.6099853515625	36	NJKLOH+DIN-Light
Mit dem Kolonialismus hat sich ein globales Machtgefälle herausgebildet, in dem	151.65350341796875	413.4537048339844	10.5	348.7050476074219	37	NJKMBI+TimesNewRomanPSMT
der Westen eine dominante, andere Staaten ausbeutende Rolle eingenommen hat und	151.65350341796875	426.2542419433594	10.5	348.71453857421875	37	NJKMBI+TimesNewRomanPSMT
das sich in der Situation von MigrantInnen aus kolonialisierten Staaten im Westen	151.65350341796875	439.0547790527344	10.5	348.70294189453125	37	NJKMBI+TimesNewRomanPSMT
reproduziert. Zentrale Struktur dieses Machtverhältnisses – sowohl der staatlichen	151.65350341796875	451.8553161621094	10.5	348.69873046875	37	NJKMBI+TimesNewRomanPSMT
Ein- und Ausschlussmechanismen, als auch deren Entsprechung in der Bevölkerung	151.65350341796875	464.6558837890625	10.5	348.6934814453125	37	NJKMBI+TimesNewRomanPSMT
– ist der Rassismus, also die Annahme, dass Menschen sich in Abhängigkeit von	151.65350341796875	477.4564208984375	10.5	348.6861267089844	37	NJKMBI+TimesNewRomanPSMT
ihrer Herkunft in grundlegender Weise unterscheiden. Die westliche Idee der univer-	151.65350341796875	490.2569885253906	10.5	348.70391845703125	37	NJKMBI+TimesNewRomanPSMT
salen Vernunft wurde teilweise dazu genutzt, den Kolonialisierten zu unterstellen,	151.65350341796875	503.05755615234375	10.5	348.70709228515625	37	NJKMBI+TimesNewRomanPSMT
sie seien unterentwickelt und bedürften der Hilfe aus dem Westen, als die dann wie-	151.65350341796875	515.8580932617188	10.5	348.7038879394531	37	NJKMBI+TimesNewRomanPSMT
derum die koloniale Unterdrückung gerechtfertigt wurde und wird.	151.65350341796875	528.6586303710938	10.5	279.2685546875	37	NJKMBI+TimesNewRomanPSMT
Vor diesem Hintergrund kritisiert Butler, dass Kritik an Homophobie und Sexismus	151.65350341796875	541.459228515625	10.5	348.6839904785156	37	NJKMBI+TimesNewRomanPSMT
in ethnischen und religiösen Minderheiten diese Probleme mit EinwanderInnen as-	151.65350341796875	554.259765625	10.5	348.7008056640625	37	NJKMBI+TimesNewRomanPSMT
soziiere und sie hingegen in Bezug auf die Mehrheitsbevölkerung leugne, was sie als	151.65350341796875	567.060302734375	10.5	348.7050476074219	37	NJKMBI+TimesNewRomanPSMT
rassistisch bzw. homonationalistisch bezeichnet.	151.65350341796875	579.86083984375	10.5	201.79949951171875	37	NJKMBI+TimesNewRomanPSMT
Der Ausweg ist für sie, sich an jenen zu orientieren, die innerhalb der migrantischen	151.65350341796875	592.661376953125	10.499992370605469	348.7113342285156	37	NJKMBI+TimesNewRomanPSMT
Minderheiten sowohl gegen Homophobie als auch gegen Rassismus kämpfen wür-	151.65350341796875	605.4619750976562	10.5	348.6798400878906	37	NJKMBI+TimesNewRomanPSMT
den. Nur so sei es möglich, nicht der Instrumentalisierung queerer und feministischer	151.65350341796875	618.2625122070312	10.5	348.7060546875	37	NJKMBI+TimesNewRomanPSMT
FEMINA POLITICA 2 | 2013 117	416.0516052246094	674.891845703125	7.1434326171875	103.55874633789062	38	NJKLOH+DIN-Light
FP_02_13_105_124.indd 117	104.96099853515625	716.723876953125	5.999999523162842	74.34120178222656	39	NJKMBI+TimesNewRomanPSMT
08.10.2013 18:22:53	494.00799560546875	716.723876953125	5.999999523162842	52.8336181640625	54	NJKMBI+TimesNewRomanPSMT
FORUM	151.65350341796875	45.68206787109375	8.0	27.128005981445312	69	NJKLOH+DIN-Light
Forderungen für Rassismus und Krieg zuzuarbeiten. Zudem legt sie EuropäerInnen	151.65350341796875	93.45379638671875	10.5	348.6934509277344	42	NJKMBI+TimesNewRomanPSMT
nahe, sich stattdessen mit der Homophobie im Christentum zu beschäftigen (Butler	151.65350341796875	106.2532958984375	10.5	348.7049865722656	42	NJKMBI+TimesNewRomanPSMT
2010c).	151.65350341796875	119.05279541015625	10.5	31.783493041992188	42	NJKMBI+TimesNewRomanPSMT
Moghissi verortet Rassismus hingegen gerade nicht in der Proklamation einer ver-	151.65350341796875	131.852294921875	10.5	348.6945495605469	42	NJKMBI+TimesNewRomanPSMT
meintlich westlichen Emanzipation, sondern dort, wo diese den vermeintlich An-	151.65350341796875	144.65179443359375	10.5	348.7071228027344	42	NJKMBI+TimesNewRomanPSMT
deren aufgrund ihrer Herkunft vorenthalten wird. Sie kritisiert beispielsweise, dass	151.65350341796875	157.4512939453125	10.5	348.6882629394531	42	NJKMBI+TimesNewRomanPSMT
in Frankreich aus Respekt vor den Bräuchen der kulturellen Minderheiten auch die	151.65350341796875	170.25079345703125	10.5	348.6944885253906	42	NJKMBI+TimesNewRomanPSMT
Genitalverstümmelung verteidigt worden sei. Verstümmelung als relativ und kul-	151.65350341796875	183.05029296875	10.5	348.7081604003906	42	NJKMBI+TimesNewRomanPSMT
turabhängig zu begreifen und so zu unterstellen, für afrikanische Frauen sei sie ak-	151.65350341796875	195.84979248046875	10.5	348.6986999511719	42	NJKMBI+TimesNewRomanPSMT
zeptabel, sei eine rassistische Argumentation: Im Namen der Toleranz würde im-	151.65350341796875	208.6492919921875	10.5	348.7049865722656	42	NJKMBI+TimesNewRomanPSMT
pliziert, dass Schmerz und Verletzung für EuropäerInnen und Nicht-EuropäerInnen	151.65350341796875	221.44879150390625	10.5	348.69976806640625	42	NJKMBI+TimesNewRomanPSMT
unterschiedlich seien und dass es nur eine monolithische afrikanische Kultur gebe	151.65350341796875	234.248291015625	10.5	348.6944885253906	42	NJKMBI+TimesNewRomanPSMT
(Moghissi 1999, 60).	151.65350341796875	247.04779052734375	10.5	87.55949401855469	42	NJKMBI+TimesNewRomanPSMT
Während Butler also vor allem auf globale Machtverhältnisse bzw. Machtverhält-	151.65350341796875	259.8472900390625	10.5	348.702880859375	42	NJKMBI+TimesNewRomanPSMT
nisse zwischen Mehrheit und Minderheiten innerhalb einer Gesellschaft fokussiert	151.65350341796875	272.64678955078125	10.5	348.6966247558594	42	NJKMBI+TimesNewRomanPSMT
und ihre Sprecherrollen sowie teilweise die anderer KritikerInnen entlang dieser	151.65350341796875	285.4462890625	10.5	348.7039794921875	42	NJKMBI+TimesNewRomanPSMT
Unterscheidung situiert, fokussiert Moghissi stärker auf die Machtverhältnisse in-	151.65350341796875	298.24578857421875	10.5	348.6882019042969	42	NJKMBI+TimesNewRomanPSMT
nerhalb von Kulturen und macht stark, dass sich Menschen unabhängig von ihrer	151.65350341796875	311.0452880859375	10.5	348.6829528808594	42	NJKMBI+TimesNewRomanPSMT
Herkunft zu Kultur, sei es zur vermeintlich „eigenen“ oder zur „anderen“, konform	151.65350341796875	323.84478759765625	10.5	348.7029724121094	42	NJKMBI+TimesNewRomanPSMT
oder nonkonform, kritisch oder affirmativ verhalten können und dass die unkritische	151.65350341796875	336.644287109375	10.5	348.70391845703125	42	NJKMBI+TimesNewRomanPSMT
Identifizierung von Kultur und Individuum rassistische Implikationen bergen kann.	151.65350341796875	349.44378662109375	10.5	348.6997375488281	42	NJKMBI+TimesNewRomanPSMT
Es ist daher unerlässlich, einen Blick auf das Verhältnis von Kultur und Individuum	151.65350341796875	362.2432861328125	10.5	348.7039794921875	42	NJKMBI+TimesNewRomanPSMT
bei beiden Positionen zu werfen.	151.65350341796875	375.04278564453125	10.5	136.300537109375	42	NJKMBI+TimesNewRomanPSMT
Kultur und Individuum	151.65350341796875	400.708740234375	10.0	97.29998779296875	43	NJKLOH+DIN-Light
Nach der Delegitimierung des Begriffs „Rasse“ durch die Geschichte des Kolonia-	151.65350341796875	426.2536926269531	10.5	348.6944885253906	44	NJKMBI+TimesNewRomanPSMT
lismus und Nationalsozialismus trat häufig die Betonung kultureller Unterschiede an	151.65350341796875	439.0531921386719	10.5	348.7144775390625	44	NJKMBI+TimesNewRomanPSMT
dessen Stelle. Dabei blieb die Grundannahme des Rassismus im Wesentlichen erhal-	151.65350341796875	451.8526916503906	10.5	348.7133483886719	44	NJKMBI+TimesNewRomanPSMT
ten, nämlich Menschen bestimmter Herkunft bestimmte Eigenschaften zuzuschrei-	151.65350341796875	464.6522216796875	10.500015258789062	348.71240234375	44	NJKMBI+TimesNewRomanPSMT
ben – zuerst biologische, nun kulturelle, und zwar unabhängig von deren situativer	151.65350341796875	477.45172119140625	10.5	348.7049865722656	44	NJKMBI+TimesNewRomanPSMT
Bewertung. Die Frage, wie in den einzelnen Konzeptionen Kultur2 und Individuum	151.65350341796875	490.251220703125	10.50250244140625	348.6663818359375	44	NJKMBI+TimesNewRomanPSMT
zueinander im Verhältnis gedacht werden, birgt darüber hinaus aber auch normative	151.65374755859375	503.05322265625	10.5	348.70501708984375	44	NJKMBI+TimesNewRomanPSMT
Implikationen für den Stellenwert der individuellen Freiheit gegenüber der Kultur	151.65374755859375	515.8527221679688	10.5	348.70819091796875	44	NJKMBI+TimesNewRomanPSMT
– entweder der eigenen oder einer anderen, wobei dies schon deshalb kaum zu tren-	151.65374755859375	528.6522216796875	10.5	348.6965637207031	44	NJKMBI+TimesNewRomanPSMT
nen ist, weil Menschen auch von den normativen Implikationen anderer Kulturen	151.65374755859375	541.4517211914062	10.5	348.6945495605469	44	NJKMBI+TimesNewRomanPSMT
beeinflusst werden können.	151.65374755859375	554.251220703125	10.5	114.66000366210938	44	NJKMBI+TimesNewRomanPSMT
Die Fixierung auf individuelle Freiheit ist einer der Hauptkritikpunkte Butlers, da sie	151.65374755859375	567.0507202148438	10.5	348.7218017578125	44	NJKMBI+TimesNewRomanPSMT
diese den kulturellen Rechten der religiösen Minderheiten gegenübergestellt sieht.	151.65374755859375	579.8502197265625	10.5	348.7102355957031	44	NJKMBI+TimesNewRomanPSMT
Damit gewährt sie letztlich Kulturen und Religionen – denen der Minderheiten, denn	151.65374755859375	592.6497192382812	10.499992370605469	348.7123107910156	44	NJKMBI+TimesNewRomanPSMT
für die Mehrheit fordert sie das nicht ein – eine Art Eigenrecht, welches vom Indi-	151.65374755859375	605.44921875	10.5	348.6997985839844	44	NJKMBI+TimesNewRomanPSMT
viduum unabhängig ist und im Zweifelsfalle auch gegen das Individuum eingeklagt	151.65374755859375	618.2487182617188	10.5	348.7154846191406	44	NJKMBI+TimesNewRomanPSMT
118 FEMINA POLITICA 2 | 2013	132.35220336914062	674.891845703125	7.1434326171875	103.56150817871094	45	NJKLOH+DIN-Light
FP_02_13_105_124.indd 118	104.96099853515625	716.723876953125	5.999999523162842	74.34120178222656	46	NJKMBI+TimesNewRomanPSMT
08.10.2013 18:22:53	494.00799560546875	716.723876953125	5.999999523162842	52.8336181640625	47	NJKMBI+TimesNewRomanPSMT
FORUM	473.18560791015625	45.68206787109375	8.0	27.12799072265625	76	NJKLOH+DIN-Light
werden könnte. Dabei fokussiert sie auf die individuellen Rechte von Menschen im	151.65350341796875	93.45379638671875	10.5	348.7081604003906	49	NJKMBI+TimesNewRomanPSMT
Westen, die gegen die „religiöse(n) Rechte“ der Muslime als Minderheit oder Feind-	151.65350341796875	106.2532958984375	10.5	348.7060241699219	49	NJKMBI+TimesNewRomanPSMT
bild ins Feld geführt würden (Butler 2010b, 106). Individuelle Rechte von Menschen	151.65350341796875	119.05279541015625	10.5	348.6934509277344	49	NJKMBI+TimesNewRomanPSMT
in islamischen Ländern oder Communities, etwa auf sexuelle Selbstbestimmung,	151.65350341796875	131.852294921875	10.5	348.69873046875	49	NJKMBI+TimesNewRomanPSMT
thematisiert sie in diesem Zusammenhang bemerkenswerterweise nicht. Diese Leer-	151.65350341796875	144.65179443359375	10.5	348.715576171875	49	NJKMBI+TimesNewRomanPSMT
stelle in ihrer theoretischen Argumentation wird in ihrer praktischen Intervention	151.65350341796875	157.4512939453125	10.5	348.71240234375	49	NJKMBI+TimesNewRomanPSMT
aber teilweise gefüllt, indem sie sich z.B. bei ihrer Ablehnung des Zivilcourage-	151.65350341796875	170.25079345703125	10.5	348.709228515625	49	NJKMBI+TimesNewRomanPSMT
Preises explizit auf migrantische Gay-, Lesben- und Queer-Gruppen bezieht (vgl.	151.65350341796875	183.05029296875	10.5	348.6966247558594	49	NJKMBI+TimesNewRomanPSMT
Butler 2010a), so dass sie zumindest diejenigen, die sich öffentlich artikulieren (kön-	151.65350341796875	195.84979248046875	10.5	348.71234130859375	49	NJKMBI+TimesNewRomanPSMT
nen), also durchaus zur Kenntnis nimmt.	151.65350341796875	208.6492919921875	10.5	169.29150390625	49	NJKMBI+TimesNewRomanPSMT
Moghissi hingegen betrachtet Kultur explizit als System, das von Machtbeziehungen	151.65350341796875	221.44879150390625	10.5	348.7774963378906	49	NJKMBI+TimesNewRomanPSMT
durchzogen sei und trotz des individuellen Leides, das es mit sich bringe, aufrecht-	151.65350341796875	234.248291015625	10.5	348.79638671875	49	NJKMBI+TimesNewRomanPSMT
erhalten würde. Demnach geht es ihr darum, das Recht des Individuums gegen seine	151.65350341796875	247.04779052734375	10.5	348.7669677734375	49	NJKMBI+TimesNewRomanPSMT
Kultur zu verteidigen und nicht umgekehrt. Bei der Unterstützung von Minderheiten-	151.65350341796875	259.8472900390625	10.5	348.78997802734375	49	NJKMBI+TimesNewRomanPSMT
kulturen sollten wir deshalb genau hinsehen, wessen Kultur wir unterstützen, wer sich	151.65350341796875	272.64678955078125	10.5	348.7701721191406	49	NJKMBI+TimesNewRomanPSMT
die Autorität für kulturelle Repräsentation anmaßt und warum (Moghissi 1999, 59).	151.65350341796875	285.4462890625	10.5	343.8099365234375	49	NJKMBI+TimesNewRomanPSMT
Hier offenbaren sich also durchaus zwei sehr unterschiedliche Sichtweisen: Butler	151.65350341796875	298.24578857421875	10.5	348.6997985839844	49	NJKMBI+TimesNewRomanPSMT
sieht Kultur als das Recht, Traditionen kollektiv fortzuführen, ohne dabei äußeren –	151.65350341796875	311.0452880859375	10.5	348.70709228515625	49	NJKMBI+TimesNewRomanPSMT
hier als westlich gedachten – Normen stattgeben zu müssen. Moghissi hingegen be-	151.65350341796875	323.84478759765625	10.5	348.6945495605469	49	NJKMBI+TimesNewRomanPSMT
trachtet Kultur als ein System von Normen, das auch gegen inneren Widerstand und	151.65350341796875	336.644287109375	10.5	348.7060546875	49	NJKMBI+TimesNewRomanPSMT
ungeachtet des Leids von Individuen und unterdrückten Gruppen durchgesetzt wird.	151.65350341796875	349.44378662109375	10.5	348.6955261230469	49	NJKMBI+TimesNewRomanPSMT
Während die eine Seite also kollektive Rechte nach außen stark macht, kritisiert die	151.65350341796875	362.2432861328125	10.5	348.7344665527344	49	NJKMBI+TimesNewRomanPSMT
andere Seite die normierenden Ansprüche des Kollektivs nach innen und fordert	151.65350341796875	375.04278564453125	10.5	348.6934814453125	49	NJKMBI+TimesNewRomanPSMT
eine Emanzipation von solchen Partikularrechten mithilfe universaler Rechte. Mit	151.65350341796875	387.84228515625	10.5	348.7197265625	49	NJKMBI+TimesNewRomanPSMT
diesem unterschiedlich gedachten Verhältnis von Kultur und Individuum korrespon-	151.65350341796875	400.64178466796875	10.5	348.7018127441406	49	NJKMBI+TimesNewRomanPSMT
dieren demnach auch unterschiedliche Sichten auf die Frage nach dem Selbstbestim-	151.65350341796875	413.4412841796875	10.5	348.7260437011719	49	NJKMBI+TimesNewRomanPSMT
mungsrecht dessen, was jeweils als Kultur gedacht wird, die in der Debatte zwischen	151.65350341796875	426.24078369140625	10.5	348.69873046875	49	NJKMBI+TimesNewRomanPSMT
Kulturrelativismus oder Universalismus kulminieren.	151.65350341796875	439.040283203125	10.5	223.198486328125	49	NJKMBI+TimesNewRomanPSMT
Kulturrelativismus und Universalismus	151.65350341796875	464.7087097167969	10.0	171.42999267578125	50	NJKLOH+DIN-Light
Die Diskussion um Relativismus und Universalismus von Werten und Normen lässt	151.65350341796875	490.25372314453125	10.5	348.6818542480469	51	NJKMBI+TimesNewRomanPSMT
sich bis in die Antike zurückverfolgen. Kulturrelativismus im engeren Sinne ist eine	151.65350341796875	503.05322265625	10.5	348.7113037109375	51	NJKMBI+TimesNewRomanPSMT
im frühen 20. Jahrhundert entstandene Strömung, die Kulturen aus ihrem eigenen	151.65350341796875	515.8527221679688	10.5	348.694580078125	51	NJKMBI+TimesNewRomanPSMT
Bezugssystem heraus interpretiert und universale Maßstäbe zur Bewertung von Kul-	151.65350341796875	528.6522216796875	10.5	348.6997375488281	51	NJKMBI+TimesNewRomanPSMT
turen als ethnozentrisch ablehnt. Politisch wird er vor allem im Multikulturalismus	151.65350341796875	541.4517211914062	10.5	348.7050476074219	51	NJKMBI+TimesNewRomanPSMT
und im Ethnopluralismus relevant. Dabei ist der Kulturrelativismus – obwohl als	151.65350341796875	554.251220703125	10.5	348.6944885253906	51	NJKMBI+TimesNewRomanPSMT
Gegenpol zum als rassistisch kritisierten Universalismus entstanden – selbst in die	151.65350341796875	567.0507202148438	10.5	348.6944274902344	51	NJKMBI+TimesNewRomanPSMT
Kritik geraten, rassistische Implikationen in sich zu bergen.	151.65350341796875	579.8502197265625	10.5	247.8934326171875	51	NJKMBI+TimesNewRomanPSMT
Butler fordert zwar durchaus die „Universalisierung des Grundrechts auf Erfüllung	151.65350341796875	592.6497192382812	10.499992370605469	348.6893005371094	51	NJKMBI+TimesNewRomanPSMT
menschlicher Grundbedürfnisse wie Nahrung, Zuflucht und sonstiger wichtiger	151.65350341796875	605.44921875	10.5	348.6808166503906	51	NJKMBI+TimesNewRomanPSMT
Lebensbedingungen“. Die für sie zentralen Fragen nach sexueller Freiheit und Fe-	151.65350341796875	618.2487182617188	10.5	348.6945495605469	51	NJKMBI+TimesNewRomanPSMT
FEMINA POLITICA 2 | 2013 119	416.0516052246094	674.891845703125	7.1434326171875	103.55874633789062	52	NJKLOH+DIN-Light
FP_02_13_105_124.indd 119	104.96099853515625	716.723876953125	5.999999523162842	74.34120178222656	53	NJKMBI+TimesNewRomanPSMT
08.10.2013 18:22:53	494.00799560546875	716.723876953125	5.999999523162842	52.8336181640625	40	NJKMBI+TimesNewRomanPSMT
FORUM	151.65350341796875	45.68170166015625	8.0	27.128005981445312	25	NJKLOH+DIN-Light
minismus sind ihr jedoch explizit „innenpolitische Anliegen“ (Butler 2010b, 33f.),	151.65350341796875	93.45330810546875	10.5	348.7060546875	56	NJKMBI+TimesNewRomanPSMT
die sie über das Vehikel der Anerkennung unterschiedlicher Zeitvorstellungen in	151.65350341796875	106.25384521484375	10.5	348.70709228515625	56	NJKMBI+TimesNewRomanPSMT
verschiedenen Räumen und der damit einhergehenden unterschiedlichen Grade von	151.65350341796875	119.05438232421875	10.5	348.7123718261719	56	NJKMBI+TimesNewRomanPSMT
sexueller Freiheit an die sie umgebenden Kulturen bindet und damit von einer Uni-	151.65350341796875	131.85491943359375	10.5	348.7113342285156	56	NJKMBI+TimesNewRomanPSMT
versalisierung ausklammert.	151.65350341796875	144.65545654296875	10.5	118.135498046875	56	NJKMBI+TimesNewRomanPSMT
Moghissis Ansatz zeichnet sich hingegen vor allem durch eine scharfe Kritik des	151.65350341796875	157.45599365234375	10.5	348.6997985839844	56	NJKMBI+TimesNewRomanPSMT
Kulturrelativismus aus, der mit seiner Ablehnung der Moderne und der Relativie-	151.65350341796875	170.25653076171875	10.5	348.6924133300781	56	NJKMBI+TimesNewRomanPSMT
rung der Menschenrechte viel mit dem islamischen Fundamentalismus und den	151.65350341796875	183.05706787109375	10.5	348.6976318359375	56	NJKMBI+TimesNewRomanPSMT
autoritären Regimen in islamischen Staaten gemein habe und letztlich von diesen	151.65350341796875	195.85760498046875	10.5	348.715576171875	56	NJKMBI+TimesNewRomanPSMT
genutzt werde, um sich gegen Kritik an Unterdrückung zu immunisieren (Moghissi	151.65350341796875	208.65814208984375	10.5	348.7050476074219	56	NJKMBI+TimesNewRomanPSMT
1999, 62f.). Statt der Abschirmung gegen Kritik fordert sie für islamische Staaten	151.65350341796875	221.45867919921875	10.5	348.68927001953125	56	NJKMBI+TimesNewRomanPSMT
Selbstkritik und Rationalismus – die in der Geschichte der islamischen Welt zwar	151.65350341796875	234.25921630859375	10.5	348.70501708984375	56	NJKMBI+TimesNewRomanPSMT
ebenfalls aufgekommen, beispielsweise im Iran aber nach kurzer Zeit vom Klerus	151.65350341796875	247.05975341796875	10.5	348.705078125	56	NJKMBI+TimesNewRomanPSMT
unterdrückt worden seien (Moghissi 1999, 56ff.).	151.65350341796875	259.86029052734375	10.5	205.54696655273438	56	NJKMBI+TimesNewRomanPSMT
Während Butler die Sexualpolitik von der Universalisierung ausklammert und damit	151.65350341796875	272.66082763671875	10.5	348.7123718261719	56	NJKMBI+TimesNewRomanPSMT
implizit das Ansetzen von Maßstäben an sich ablehnt, nimmt Moghissi nicht unkri-	151.65350341796875	285.46136474609375	10.5	348.7018737792969	56	NJKMBI+TimesNewRomanPSMT
tisch, aber doch affirmativ Bezug auf die zu universalisierende westliche Vorstellung	151.65350341796875	298.26190185546875	10.5	348.7144470214844	56	NJKMBI+TimesNewRomanPSMT
von Menschenrechten und legt an verschiedene Kulturen dieselben ethischen Maß-	151.65350341796875	311.06243896484375	10.5	348.70086669921875	56	NJKMBI+TimesNewRomanPSMT
stäbe an. Die Frage danach, ob die Maßstäbe, die zur Bewertung und zum Vergleich	151.65350341796875	323.86297607421875	10.5	348.71240234375	56	NJKMBI+TimesNewRomanPSMT
von kulturellen Praxen angelegt werden, entsprechend der Kultur differieren und	151.65350341796875	336.66351318359375	10.5	348.7008361816406	56	NJKMBI+TimesNewRomanPSMT
ob es mithin überhaupt solche Maßstäbe geben soll, ließe sich auch als Frage nach	151.65350341796875	349.46405029296875	10.5	348.69866943359375	56	NJKMBI+TimesNewRomanPSMT
der Möglichkeit einer vom Standpunkt unabhängigen Objektivität formulieren, die	151.65350341796875	362.26458740234375	10.5	348.709228515625	56	NJKMBI+TimesNewRomanPSMT
Grundlage einer solchen normativen Bewertung sein müsste.	151.65350341796875	375.06512451171875	10.5	254.17352294921875	56	NJKMBI+TimesNewRomanPSMT
Objektivität und Normativität	151.65350341796875	400.708740234375	10.0	125.17999267578125	57	NJKLOH+DIN-Light
Patriarchale oder rassistische Normen wurden und werden oft aus der „Natur“ der	151.65350341796875	426.2536926269531	10.5	348.61474609375	58	NJKMBI+TimesNewRomanPSMT
Geschlechter oder der „Rasse“ abgeleitet, welche dazu als objektiv erfahrbar be-	151.65350341796875	439.0542297363281	10.5	348.63250732421875	58	NJKMBI+TimesNewRomanPSMT
hauptet werden müssen. Die Idee einer von der Perspektive unabhängigen beo-	151.65350341796875	451.8547668457031	10.5	348.6167907714844	58	NJKMBI+TimesNewRomanPSMT
bachtbaren Objektivität wird daher von feministischen und antirassistischen Bewe-	151.65350341796875	464.65533447265625	10.5	348.618896484375	58	NJKMBI+TimesNewRomanPSMT
gungen hinterfragt, die oft die Standpunktabhängigkeit und damit Relativität von	151.65350341796875	477.45587158203125	10.5	348.6451416015625	58	NJKMBI+TimesNewRomanPSMT
Erkenntnis herausstreichen. Daraus entsteht das der Diskussion eigene Dilemma,	151.65350341796875	490.2564392089844	10.5	348.6199951171875	58	NJKMBI+TimesNewRomanPSMT
dass mit der Standortabhängigkeit der Erkenntnis auch die Grundlage femini-	151.65350341796875	503.0570068359375	10.5	348.6284484863281	58	NJKMBI+TimesNewRomanPSMT
stischer Kritik selbst standortabhängig und damit relativ wird – was in der betrach-	151.65350341796875	515.8575439453125	10.5	348.6157531738281	58	NJKMBI+TimesNewRomanPSMT
teten Diskussion insbesondere dann problematisiert wird, wenn Kritiken, deren	151.65350341796875	528.6580810546875	10.5	348.6167907714844	58	NJKMBI+TimesNewRomanPSMT
normative Grundlagen im Westen entstanden sind, an islamische Gesellschaften	151.65350341796875	541.4586181640625	10.5	348.63568115234375	58	NJKMBI+TimesNewRomanPSMT
gerichtet werden.	151.65350341796875	554.2592163085938	10.5	73.42124938964844	58	NJKMBI+TimesNewRomanPSMT
Butler bezieht ganz klar normativ Stellung, etwa für die Zusammenführung von	151.65350341796875	567.0597534179688	10.5	348.705078125	58	NJKMBI+TimesNewRomanPSMT
Kämpfen gegen den liberalistischen Rahmen, aber ohne dabei auch substantiell Nor-	151.65350341796875	579.8602905273438	10.5	348.71551513671875	58	NJKMBI+TimesNewRomanPSMT
men zu vertreten. Sie betrachtet die Rahmen, in denen solche Normen entstehen, und	151.65350341796875	592.6608276367188	10.499992370605469	348.715576171875	58	NJKMBI+TimesNewRomanPSMT
will sie in ihrer Gültigkeit und Universalität verhandelbar machen, da sie sonst als	151.65350341796875	605.46142578125	10.5	348.7029113769531	58	NJKMBI+TimesNewRomanPSMT
kulturelle Vorbedingungen der Anerkennung ausschließend wirken würden (Butler	151.65350341796875	618.261962890625	10.5	348.6924133300781	58	NJKMBI+TimesNewRomanPSMT
120 FEMINA POLITICA 2 | 2013	132.35220336914062	674.891845703125	7.1434326171875	103.56150817871094	59	NJKLOH+DIN-Light
FP_02_13_105_124.indd 120	104.96099853515625	716.723876953125	5.999999523162842	74.34120178222656	60	NJKMBI+TimesNewRomanPSMT
08.10.2013 18:22:53	494.00799560546875	716.723876953125	5.999999523162842	52.8336181640625	31	NJKMBI+TimesNewRomanPSMT
FORUM	473.18560791015625	45.68170166015625	8.0	27.12799072265625	32	NJKLOH+DIN-Light
2010b, 105ff.). Freiheit als Norm will sie nicht aufgeben, sondern anders nutzen:	151.65350341796875	93.45330810546875	10.5	348.68402099609375	63	NJKMBI+TimesNewRomanPSMT
Sie will die Freiheit in den Dienst der Politik stellen (Butler 2010b, 102), statt – so	151.65350341796875	106.25384521484375	10.5	348.69976806640625	63	NJKMBI+TimesNewRomanPSMT
könnte man sagen – die Politik in den Dienst der Freiheit zu stellen.	151.65350341796875	119.05438232421875	10.5	281.7885437011719	63	NJKMBI+TimesNewRomanPSMT
Moghissi kritisiert solche postmodernen Ansätze als fiktiven Radikalismus. Die	151.65350341796875	131.85491943359375	10.5	348.69134521484375	63	NJKMBI+TimesNewRomanPSMT
postmoderne Kritik an der Aufklärung, das Hinterfragen von universaler Vernunft	151.65350341796875	144.65545654296875	10.5	348.68719482421875	63	NJKMBI+TimesNewRomanPSMT
und anderen Meistererzählungen zugunsten einer Pluralisierung von Wissen und	151.65350341796875	157.45599365234375	10.5	348.69549560546875	63	NJKMBI+TimesNewRomanPSMT
Moral führe zu eben jenem Relativismus, der ihrem Beharren auf die normativen	151.65350341796875	170.25653076171875	10.5	348.70819091796875	63	NJKMBI+TimesNewRomanPSMT
Setzungen der Menschenrechte entgegensteht und dessen Inhumanität sie beklagt	151.65350341796875	183.05706787109375	10.5	348.7029113769531	63	NJKMBI+TimesNewRomanPSMT
(Moghissi 1999, 52f.).	151.65350341796875	195.85760498046875	10.5	93.68099975585938	63	NJKMBI+TimesNewRomanPSMT
Bezogen auf die oben dargestellte Dilemma-Situation vertreten die Autorinnen also	151.65350341796875	208.65814208984375	10.5	348.7228698730469	63	NJKMBI+TimesNewRomanPSMT
antithetische Positionen: Während Moghissi moderne Werte in einem als prämodern	151.65350341796875	221.45867919921875	10.5	348.710205078125	63	NJKMBI+TimesNewRomanPSMT
betrachteten Kontext implementieren will und damit normativ setzt, hinterfragt But-	151.65350341796875	234.25921630859375	10.5	348.72705078125	63	NJKMBI+TimesNewRomanPSMT
ler die Herkunft dieser Werte und macht sie damit als kontingent deutlich, löst aber	151.65350341796875	247.05975341796875	10.5	348.7218017578125	63	NJKMBI+TimesNewRomanPSMT
die Frage nicht auf, wie dann politische Intervention legitim sein kann und solida-	151.65350341796875	259.86029052734375	10.5	348.70501708984375	63	NJKMBI+TimesNewRomanPSMT
risches Handeln ermöglicht wird. Das wirft die Frage auf, welche Praxen sich aus	151.65350341796875	272.66082763671875	10.5	348.6903076171875	63	NJKMBI+TimesNewRomanPSMT
den Theorien jeweils ableiten lassen.	151.65350341796875	285.46136474609375	10.5	153.60345458984375	63	NJKMBI+TimesNewRomanPSMT
Theorien und Praxen	151.65350341796875	311.1087341308594	10.0	91.05999755859375	64	NJKLOH+DIN-Light
Die Frage nach Theorie und Praxis hat feministisches und antirassistisches Denken	151.65350341796875	336.6537170410156	10.5	348.68505859375	65	NJKMBI+TimesNewRomanPSMT
und Handeln von Beginn an begleitet. Mit der Diskussion um Intersektionalität und	151.65350341796875	349.4542541503906	10.5	348.7039489746094	65	NJKMBI+TimesNewRomanPSMT
Mehrfachdiskriminierung hat dies jedoch einen Wandel erfahren. Denn die Kritiken	151.65350341796875	362.2547912597656	10.5	348.709228515625	65	NJKMBI+TimesNewRomanPSMT
zunächst vor allem Schwarzer Frauen haben deutlich gemacht, dass feministische	151.65350341796875	375.0553283691406	10.5	348.701904296875	65	NJKMBI+TimesNewRomanPSMT
Praxen durch ihre Verankerung in einer weiß geprägten Kultur trotz gegenteiliger	151.65350341796875	387.8558654785156	10.5	348.7060546875	65	NJKMBI+TimesNewRomanPSMT
Absichten neue Ausschlüsse produzieren können. In der Debatte um Islam und Ge-	151.65350341796875	400.6564025878906	10.5	348.6861572265625	65	NJKMBI+TimesNewRomanPSMT
schlechterverhältnisse gewinnt dies erneut an Brisanz, da mit ihr die Möglichkeit	151.65350341796875	413.4569396972656	10.5	348.7049865722656	65	NJKMBI+TimesNewRomanPSMT
internationaler feministischer Solidarität als Ganzer in Frage gestellt wird. An dieser	151.65350341796875	426.2574768066406	10.5	348.7228088378906	65	NJKMBI+TimesNewRomanPSMT
Stelle soll es also weniger um die Praxen der Autorinnen selbst gehen, als vielmehr	151.65350341796875	439.0580139160156	10.5	348.70501708984375	65	NJKMBI+TimesNewRomanPSMT
darum, welche Praxen aus ihren theoretischen Ansätzen jeweils folgen können.	151.65350341796875	451.8585510253906	10.5	329.7714538574219	65	NJKMBI+TimesNewRomanPSMT
Butlers Anliegen ist ein ständiges Hinterfragen des normativen Rahmens, der der Po-	151.65350341796875	464.65911865234375	10.5	348.7007751464844	65	NJKMBI+TimesNewRomanPSMT
litik und dem Denken zugrunde liegt und die entsprechenden Normen hervorbringt.	151.65350341796875	477.45965576171875	10.5	348.6944885253906	65	NJKMBI+TimesNewRomanPSMT
Daraus folgt, dass es innerhalb dieser Theorie keinen legitimen normativen Rahmen	151.65350341796875	490.2602233886719	10.5	348.70391845703125	65	NJKMBI+TimesNewRomanPSMT
geben kann. Daraus folgt jedoch auch, dass es keine Politik geben kann, die für sich	151.65350341796875	503.060791015625	10.5	348.68621826171875	65	NJKMBI+TimesNewRomanPSMT
beanspruchen könnte, die richtige zu sein. Das spiegelt sich darin, dass ihre konkreten	151.65350341796875	515.861328125	10.5	348.6883239746094	65	NJKMBI+TimesNewRomanPSMT
Vorschläge eben nicht ein bestimmtes Ziel verfolgen, sondern vor allem prozesshaft	151.65350341796875	528.661865234375	10.5	348.69451904296875	65	NJKMBI+TimesNewRomanPSMT
und bewegungsorientiert sind und, wie oben dargelegt, der Zugehörigkeit der Akteure	151.65350341796875	541.46240234375	10.5	348.6902770996094	65	NJKMBI+TimesNewRomanPSMT
eine große Rolle zuweisen. Die von ihr angedachte Zusammenführung der Kämpfe	151.65350341796875	554.2630004882812	10.5	348.69451904296875	65	NJKMBI+TimesNewRomanPSMT
von Homosexuellen und muslimischen Minderheiten (Butler 2010b, 106f.) könnte	151.65350341796875	567.0635375976562	10.5	348.6819763183594	65	NJKMBI+TimesNewRomanPSMT
man umschreiben als: der gemeinsame Weg ist das Ziel. Aber wohin die Reise gehen	151.65350341796875	579.8640747070312	10.5	348.69866943359375	65	NJKMBI+TimesNewRomanPSMT
soll, bleibt damit letztendlich dem freien Spiel der Kräfte überlassen.	151.65350341796875	592.6646118164062	10.499992370605469	283.53253173828125	65	NJKMBI+TimesNewRomanPSMT
Der Ansatz Moghissis lässt ein anderes Verhältnis zur Praxis zu: Ihrer Kritik liegt ein	151.65350341796875	605.4652099609375	10.5	348.69873046875	65	NJKMBI+TimesNewRomanPSMT
normatives Fundament zugrunde, nämlich das der Emanzipation von vormodernen	151.65350341796875	618.2657470703125	10.5	348.69659423828125	65	NJKMBI+TimesNewRomanPSMT
FEMINA POLITICA 2 | 2013 121	416.0516052246094	674.891845703125	7.1434326171875	103.55874633789062	66	NJKLOH+DIN-Light
FP_02_13_105_124.indd 121	104.96099853515625	716.723876953125	5.999999523162842	74.34120178222656	67	NJKMBI+TimesNewRomanPSMT
08.10.2013 18:22:53	494.00799560546875	716.723876953125	5.999999523162842	52.8336181640625	24	NJKMBI+TimesNewRomanPSMT
FORUM	151.65350341796875	45.68206787109375	8.0	27.128005981445312	41	NJKLOH+DIN-Light
und patriarchalen Zuständen hin zu einer modernen Gesellschaft, die sie im We-	151.65350341796875	93.45379638671875	10.5	348.7080993652344	70	NJKMBI+TimesNewRomanPSMT
sten zumindest teilweise verwirklicht sieht. Welchen Weg die islamischen Gesell-	151.65350341796875	106.2532958984375	10.5	348.7101745605469	70	NJKMBI+TimesNewRomanPSMT
schaften dahin beschreiten sollen, deutet sie jedoch nur an: Sie kritisiert den Mangel	151.65350341796875	119.05279541015625	10.5	348.71966552734375	70	NJKMBI+TimesNewRomanPSMT
an Selbstkritik und die omnipräsente Schuldzuweisung an den Westen und nimmt	151.65350341796875	131.852294921875	10.5	348.6923828125	70	NJKMBI+TimesNewRomanPSMT
Bezug auf das bürgerliche Recht und auf die Menschenrechte (Moghissi 1999, 54	151.65350341796875	144.65179443359375	10.5	348.688232421875	70	NJKMBI+TimesNewRomanPSMT
und 57).	151.65350341796875	157.4512939453125	10.5	34.73399353027344	70	NJKMBI+TimesNewRomanPSMT
Das Verhältnis zu Normativität und Objektivität findet seinen Niederschlag also auch	151.65350341796875	170.25079345703125	10.5	348.7071533203125	70	NJKMBI+TimesNewRomanPSMT
in der Frage nach Theorie und Praxis: Normative Ansätze ermöglichen konkrete	151.65350341796875	183.05029296875	10.5	348.7029113769531	70	NJKMBI+TimesNewRomanPSMT
Forderungen und das Einfordern von Rechten, während postmoderne Ansätze sich	151.65350341796875	195.84979248046875	10.5	348.6829833984375	70	NJKMBI+TimesNewRomanPSMT
durch die Betonung der Kontingenz von Normen theoretisch auf eine Relativierung	151.65350341796875	208.6492919921875	10.5	348.7154846191406	70	NJKMBI+TimesNewRomanPSMT
zurückziehen, die quasi außerhalb des Kampfes imaginiert wird. Eine normgeleitete	151.65350341796875	221.44879150390625	10.5	348.72076416015625	70	NJKMBI+TimesNewRomanPSMT
Intervention geriete damit gewissermaßen in Widerspruch zur Theorie.	151.65350341796875	234.248291015625	10.5	295.3733825683594	70	NJKMBI+TimesNewRomanPSMT
Konklusion	151.65350341796875	259.53985595703125	10.20001220703125	51.59159851074219	71	NJKLNF+DIN-Medium
In Anbetracht der Tragweite des Problems ist es verwunderlich, dass die Debatte	151.65350341796875	285.4537048339844	10.5	348.6923828125	72	NJKMBI+TimesNewRomanPSMT
sowohl in der feministischen als auch in der antirassistischen Bewegung bisher noch	151.65350341796875	298.2532043457031	10.5	348.6966247558594	72	NJKMBI+TimesNewRomanPSMT
recht verhalten geführt wird. Denn offenbar treffen einige der gegenseitigen Kri-	151.65350341796875	311.0527038574219	10.5	348.7029113769531	72	NJKMBI+TimesNewRomanPSMT
tikpunkte durchaus zu. Zudem geht es nicht nur darum, ganz gravierende Verlet-	151.65350341796875	323.8522033691406	10.5	348.7029724121094	72	NJKMBI+TimesNewRomanPSMT
zungen an Menschenrechten im Allgemeinen und an den Rechten von Frauen und	151.65350341796875	336.6517028808594	10.5	348.6966247558594	72	NJKMBI+TimesNewRomanPSMT
Homosexuellen im Besonderen zur Kenntnis zu nehmen, sondern mit Blick auf die	151.65350341796875	349.4512023925781	10.5	348.70819091796875	72	NJKMBI+TimesNewRomanPSMT
Implikationen für die Praxis steht auch die Legitimität international solidarischer	151.65350341796875	362.2507019042969	10.5	348.7175598144531	72	NJKMBI+TimesNewRomanPSMT
feministischer Intervention überhaupt zur Debatte. In diesem Artikel ist leider kein	151.65350341796875	375.0502014160156	10.5	348.7123718261719	72	NJKMBI+TimesNewRomanPSMT
Raum, die einzelnen Positionen ausführlich zu kritisieren, aber es bleibt zu hoffen,	151.65350341796875	387.8497009277344	10.5	348.7060241699219	72	NJKMBI+TimesNewRomanPSMT
dass ihre Gegensätzlichkeit durch den Vergleich deutlich geworden und damit ein	151.65350341796875	400.6492004394531	10.5	348.7049865722656	72	NJKMBI+TimesNewRomanPSMT
Anstoß zur weiteren Diskussion gelungen ist.	151.65350341796875	413.4486999511719	10.5	189.42001342773438	72	NJKMBI+TimesNewRomanPSMT
Die Frage der 1990er Jahre, ob die postmodernen Ansätze geeignet sind, Unterdrü-	151.65350341796875	426.2481994628906	10.5	348.6819152832031	72	NJKMBI+TimesNewRomanPSMT
ckungsverhältnisse in emanzipativer Richtung zu verändern, oder ob sie gerade dazu	151.65350341796875	439.0476989746094	10.5	348.715576171875	72	NJKMBI+TimesNewRomanPSMT
beitragen, den Status Quo zu reproduzieren, bleibt weiter offen. Deutlich geworden	151.65350341796875	451.8471984863281	10.5	348.7039489746094	72	NJKMBI+TimesNewRomanPSMT
sein sollte jedoch, dass im neuen Streit um Differenz die Anerkennung kultureller	151.65350341796875	464.646728515625	10.500015258789062	348.6965637207031	72	NJKMBI+TimesNewRomanPSMT
Differenzierung nicht bei der unkritischen Anerkennung anderer Kulturen als sol-	151.65350341796875	477.44622802734375	10.5	348.6903381347656	72	NJKMBI+TimesNewRomanPSMT
cher stehen bleiben darf, sondern dass feministische und antirassistische Interven-	151.65350341796875	490.2457275390625	10.5	348.69769287109375	72	NJKMBI+TimesNewRomanPSMT
tion nur heißen kann, andere Kulturen ebenso als Zwangsmechanismen in Betracht	151.65350341796875	503.04522705078125	10.5	348.6945495605469	72	NJKMBI+TimesNewRomanPSMT
zu ziehen wie die eigene. Statt aus einer privilegierten westlichen Perspektive kultu-	151.65350341796875	515.8447265625	10.5	348.716552734375	72	NJKMBI+TimesNewRomanPSMT
rell bedingte Unterschiede im Maß der Unterdrückung zu relativieren oder durch die	151.65350341796875	528.6442260742188	10.5	348.71234130859375	72	NJKMBI+TimesNewRomanPSMT
Delegitimierung des Wunsches nach fortschreitender universaler Emanzipation zu	151.65350341796875	541.4437255859375	10.5	348.7071533203125	72	NJKMBI+TimesNewRomanPSMT
affirmieren, gilt es, die Form der Intervention an den individuellen Bedürfnissen von	151.65350341796875	554.2432250976562	10.5	348.70184326171875	72	NJKMBI+TimesNewRomanPSMT
Menschen in den unterschiedlichen kulturellen Formationen auszurichten und diese	151.65350341796875	567.042724609375	10.5	348.71551513671875	72	NJKMBI+TimesNewRomanPSMT
dazu zunächst einmal zur Kenntnis zu nehmen.	151.65350341796875	579.8422241210938	10.5	196.42352294921875	72	NJKMBI+TimesNewRomanPSMT
122 FEMINA POLITICA 2 | 2013	132.35220336914062	674.891845703125	7.1434326171875	103.56150817871094	73	NJKLOH+DIN-Light
FP_02_13_105_124.indd 122	104.96099853515625	716.723876953125	5.999999523162842	74.34120178222656	74	NJKMBI+TimesNewRomanPSMT
08.10.2013 18:22:53	494.00799560546875	716.723876953125	5.999999523162842	52.8336181640625	16	NJKMBI+TimesNewRomanPSMT
FORUM	473.18560791015625	45.68206787109375	8.0	27.12799072265625	48	NJKLOH+DIN-Light
Anmerkungen	151.65350341796875	93.13995361328125	10.20001220703125	65.1575927734375	77	NJKLNF+DIN-Medium
1	151.65350341796875	121.106689453125	7.5	3.8549957275390625	78	NJKLOH+DIN-Light
Die ungekürzte Version des Artikels umfasst eine Analyse aller vier Positionen. Sie ist online zu finden	165.8262481689453	121.106689453125	7.5	334.45506286621094	79	NJKLOH+DIN-Light
unter: https://mahara.uni-leipzig.de/view/view.php?id=2088 bzw. auf der aktuellen Homepage der Auto-	165.82699584960938	133.90692138671875	7.5	334.4686279296875	80	NJKLOH+DIN-Light
rin. Der Text basiert auf einem Workshop beim fem.camp, einem bundesweiten feministischen Kongress	165.82699584960938	146.7071533203125	7.5	334.45654296875	81	NJKLOH+DIN-Light
in Leipzig im Juli 2012. Allen Teilnehmenden sei herzlich gedankt für die konstruktive Diskussion, die viel	165.82699584960938	159.50738525390625	7.5	334.4549255371094	82	NJKLOH+DIN-Light
zum Entstehen des Textes beigetragen hat. Entsprechend wird im Text nur jene Literatur besprochen,	165.82699584960938	172.3076171875	7.5	334.4528503417969	83	NJKLOH+DIN-Light
die auch zur Vorbereitung des Workshops genutzt wurde. Diese enge Fokussierung soll den Lesenden	165.82699584960938	185.10784912109375	7.5	334.4535827636719	84	NJKLOH+DIN-Light
erleichtern, die Punkte anhand konkreter Ausschnitte auch nachlesen zu können. Dabei werden die	165.82699584960938	197.9080810546875	7.5	334.46112060546875	85	NJKLOH+DIN-Light
Positionen nur ausschnitthaft wiedergegeben und ihres Gesamtkontextes entkleidet. Weitergehende	165.82699584960938	210.70831298828125	7.5	334.4565734863281	86	NJKLOH+DIN-Light
Lektüre und eine Kontextualisierung der Positionen sind daher in jedem Fall notwendig und lohnend.	165.82699584960938	223.50857543945312	7.5	325.8038330078125	87	NJKLOH+DIN-Light
2	151.65350341796875	236.308837890625	7.5	3.8549957275390625	88	NJKLOH+DIN-Light
Der Begriff der Kultur umfasst im hier angesprochenen Sinn den der Religion. Während Kultur auch	165.8262481689453	236.308837890625	7.5	334.46250915527344	89	NJKLOH+DIN-Light
den nicht-religiösen Bereich einschließt, bezeichnen hier beide ein Set von Vorstellungen, Normen und	165.82699584960938	249.10910034179688	7.5	334.4715270996094	90	NJKLOH+DIN-Light
Praxen, die überindividuell als bindend betrachtet werden.	165.82699584960938	261.90936279296875	7.5	190.70257568359375	91	NJKLOH+DIN-Light
Literatur	151.65350341796875	297.9398498535156	10.20001220703125	41.177398681640625	92	NJKLNF+DIN-Medium
Ates,, Seyran, 2008: Der Multikulti-Irrtum. Wie wir in Deutschland besser zusammen leben kön-	151.65350341796875	315.8972473144531	9.3001708984375	348.6455993652344	93	NJKLOH+DIN-Light
nen. Berlin, insbes. 55-63 und 187-190.	151.65350341796875	326.0671691894531	8.300018310546875	141.41122436523438	93	NJKLOH+DIN-Light
Benhabib, Seyla (Hg.), 1993: Der Streit um Differenz. Feminismus und Postmoderne in der Ge-	151.65350341796875	339.2991027832031	8.4700927734375	348.6399230957031	94	NJKLOH+DIN-Light
genwart. Frankfurt/M.	151.65350341796875	349.4690246582031	8.300018310546875	80.4892578125	94	NJKLOH+DIN-Light
Braun, Christina von/Mathes, Bettina, 2007: Verschleierte Wirklichkeit. Die Frau, der Islam und	151.65350341796875	362.70013427734375	8.4700927734375	348.6457214355469	95	NJKLOH+DIN-Light
der Westen. Bonn, insbes. 16-26 und 429-31.	151.65432739257812	372.87005615234375	8.300018310546875	161.60928344726562	95	NJKLOH+DIN-Light
Butler, Judith, 2010a: Abschrift der Rede auf dem Christopher Street Day Berlin, 19.06.2010. In-	151.65432739257812	386.10198974609375	8.4700927734375	348.623291015625	96	NJKLOH+DIN-Light
ternet: theoriealspraxis.blogsport.de/2010/06/20/abschrift-der-preis-annahme-verweigerungs-	151.65432739257812	396.27191162109375	8.300018310546875	348.6266174316406	96	NJKLOH+DIN-Light
rede-von-judith-butler-beim-csd-in-berlin/ (18.08.2013).	151.65432739257812	406.2717590332031	8.300018310546875	205.23825073242188	96	NJKLOH+DIN-Light
Butler, Judith, 2010b: Raster des Krieges. Warum wir nicht jedes Leid beklagen. Frankfurt/M.,	151.65432739257812	419.50286865234375	8.4700927734375	348.64666748046875	97	NJKLOH+DIN-Light
insbes. 32-34 und 99-107.	151.65432739257812	429.67279052734375	8.300018310546875	93.02224731445312	97	NJKLOH+DIN-Light
Butler, Judith, 2010c: „In diesem Kampf gibt es keinen Platz für Rassismus“. Katharina Hamann:	151.65432739257812	442.90472412109375	8.4700927734375	348.63739013671875	98	NJKLOH+DIN-Light
Judith Butler im Gespräch über Rassismus, Homophobie und Antisemitismus. In: Jungle World,	151.65432739257812	453.07464599609375	8.300018310546875	348.64813232421875	98	NJKLOH+DIN-Light
Nr. 30, 29.07.2010.	151.65432739257812	463.0744934082031	8.300018310546875	66.90628051757812	98	NJKLOH+DIN-Light
Moghissi, Haideh, 1999: Feminism and Islamic Fundamentalism. London, insbes. 49-63.	151.65432739257812	476.30645751953125	8.470046997070312	318.44610595703125	99	NJKLOH+DIN-Light
FEMINA POLITICA 2 | 2013 123	416.0516052246094	674.891845703125	7.1434326171875	103.55874633789062	100	NJKLOH+DIN-Light
FP_02_13_105_124.indd 123	104.96099853515625	716.723876953125	5.999999523162842	74.34120178222656	101	NJKMBI+TimesNewRomanPSMT
08.10.2013 18:22:54	494.00799560546875	716.723876953125	5.999999523162842	52.8336181640625	102	NJKMBI+TimesNewRomanPSMT
